dish_name,description,cuisine,diet
Farmer Dean Machine,"roasted broccoli, cauliflower, smoky bacon, caesar, shaved parmesan",American,Non-Vegetarian
ENCHILADAS,"Rolled corn tortillas with sour cream, queso fresco, avocado, onions and radish. Comes with a side of rice and beans Stuffed with choice of chicken, pork or vegetables Choice of red or green sauce",Mexican,Vegetarian
"House Special Sweet & Sour Chicken, Pork & Shrimp",,Chinese,Non-Vegetarian
Zinfandel,GLASS,Thai,Vegetarian
Chicken & Corn,,Chinese,Non-Vegetarian
LONGHORN PLATE,"Grilled Steak, Truffle Brown Rice, & Grilled Veggies",Mediterranean,Non-Vegetarian
NAKED SHRIMP,Raw shrimps topped with garlic and spicy lime juice; served on a bed of sliced cabbage.,Thai,Non-Vegetarian
Sprite,,Italian,Vegetarian
Mango Lassi,Homemade yogurt blended with milk and crushed ice.,Indian,Vegetarian
"Chianti Classico, Carmine's-Rocca della Macie, Italy Quartino",,Italian,Vegetarian
18 oz. Santa Fe Margarita,"Cuervo Gold Tequila, Triple Sec, our house margarita mix, and a splash of tangy cranberry juice.",Mexican,Vegetarian
Vegetable Tempura,,Chinese,Vegetarian
Malai Kulfi,,Indian,Vegetarian
"Panang Curry (S) Combo (Chicken, Beef, Shrimp)",Green bean simmered in slightly sweet and creamy Panang curry.,Thai,Non-Vegetarian
Breakfast Burrito Ham (with chile inside),"Packed with fried potatoes, eggs and cheese.",Mexican,Non-Vegetarian
Caffe Cubano,,Mediterranean,Vegetarian
Pistachio Orange Zest Cheesecake,"pistachio graham cracker crust, pistachio brittle ribbons, orange liqueur and zest, Chantilly cream, raspberries, pistachio brittle",American,Vegetarian
"SPARKLING, SANTOME BRUT ROSE, TREVISO, VENETO (Glass)",,Italian,Vegetarian
9. Tamal & taco,,Mexican,Vegetarian
TOMATO JUICE,,American,Vegetarian
Shrimp w. Snow Peas (Pt),w. White Rice,Chinese,Non-Vegetarian
Spinach Uttappam,"Uttappam with spinach, onions, and tomatoes sprinkled with cilantro.",Indian,Vegetarian
BISON FILET 8 oz,rock river ranch,American,Non-Vegetarian
Taco (shredded pork),,Mexican,Non-Vegetarian
Zigni Wot,"A beloved beef stew that's all about depth of flavor. We slow-cook small cubes of beef in a rich, crimson sauce made with berbere, tomatoes, and onions. As a wot, it stews for hours, allowing the beef to become fork-tender and the sauce to develop a spicy, slightly smoky profile. Our Zigni Wot is hot, with layers of chili warmth and a hint of sweetness from cooked-down onions. This hearty stew warms you from within - a must-try for fans of beef chili looking for an East African twist.",Italian,Non-Vegetarian
Queso Fundido,"Melted Jack cheese with chorizo, green onions, and tomatoes served with warm tortillas.",Mexican,Non-Vegetarian
FALAFEL FRITTERS (VE) (VG),"Golden, and bursting with herby flavor!",Mediterranean,Vegetarian
CHICKEN SANDWICH,"Chicken breast grilled, breaded, or blackened with lettuce, tomato and mayo on a toasted knot bun.",American,Non-Vegetarian
Calabacitas,"Roasted chilies poblanos, onion, corn cheese.",Mexican,Vegetarian
"Fresh Salmon Lemon, Butter and Capers only",,Italian,Non-Vegetarian
Seasonal Fruit + Spinach SALAD,"Greens, goat cheese, radish, basil, candied pistachios, pomegranate vinaigrette.",American,Vegetarian
Pulled Beef Quesadillas,"Grilled flour tortilla filled with pulled beef, peppers, and onions. Served with rice and beans.",Mexican,Non-Vegetarian
Flautas (Catering),"3 Crispy flour tortillas stuffed with chicken, cheese, roasted salsa, jalapeno, and lime.",Mexican,Non-Vegetarian
Hibiscus Soda,"Pineapple, Hibiscus (Non-alcoholic)",Italian,Vegetarian
"Le Petit Verre Bubbly Rose, Argentina Organic Bottle",,Indian,Vegetarian
20. Augusta's Especial,"Choice of Enchilada, crispy chips covered with melted cheese. Served with rice & beans, shredded lettuce, tomatoes, topped with Ranch dressing",Mexican,Vegetarian
Pla Rad Prik,"DEEP-FRIED TILAPIA FILLETS, RED BELL PEPPER, TOMATO, BROCCOLI, SWEET CHILI SAUCE.",Thai,Vegetarian
Kao Pad Sapparos (Pineapple Fried Rice),"Stir fried Jasmine rice with pineapple, raisins, onions, carrots, curry powder, and your choice of protein.",Thai,Vegetarian
Drumshanbo Gunpowder Sardinian Citrus,,American,Vegetarian
Lamb Tikka Masala,marinate boneless lamb pieces cooked in tandoor oven and simmered in thick creamy curry himalayan sauce. served with basmati rice!,Indian,Non-Vegetarian
Kao Ka Praow,Your choice of protein. ,Thai,Vegetarian
"St. George Absinthe, California (1.0 oz Pour)",,American,Vegetarian
Bruschetta Bacio,"Shredded Mozzarella, Tossed with chopped tomato & Basil (Add Prosciutto $2)",Italian,Vegetarian
Onion Utappam,"Thick crepe of lentil & rice stuffed with onions, served with lentil soup (sambar) and 2 chutneys.",Indian,Vegetarian
Osborne 'Manzanilla' (Dolce),Jerez,Italian,Vegetarian
Giulia,"Mozzarella, spicy salami, onion, sausage, bell pepper, spicy honey",Italian,Non-Vegetarian
Biryani - Chicken,Aromatic basmati rice cooked with chicken & enhanced with traditional Indian spices and mint topped with caramelized onions *GF on request,Indian,Non-Vegetarian
Trio Pad Ped,"Sauteed pumpkin, eggplant and tofu in fresh chili, garlic and basil.",Thai,Vegetarian
CHIMICHANGAS Chicken,"with Rice Beans, Sour Cream, Pico, Guacamole, Covered in Cheese",Mexican,Non-Vegetarian
PANEER STUFFED NAAN (SERVED WITH RAITA),,Indian,Vegetarian
Coconut Chicken,Tender chicken cooked in a rich coconut sauce.,Chinese,Non-Vegetarian
Avocado Salad (1/2),"Avocados, black bean corn salsa, and feta served over mixed greens with your choice of any dressing.",American,Vegetarian
Jose Cuervo La Familia,(Tequila),Mediterranean,Vegetarian
Caesar Salad Add-On Shrimp,,Mexican,Vegetarian
ESPRESSO,,Italian,Vegetarian
Dubai Chocolate,,Mediterranean,Vegetarian
Garlic Spread (Half),"Whipped Garlic, Lemon Juice, Canola Oil",Mediterranean,Vegetarian
1/2 cup beef & bison chili,,American,Non-Vegetarian
Lamb Chop Bowl,"Four lamb chops marinated in our signature blend of spices. Served on tannour bread with rice pilaf, veggies and served with tzatziki sauce on the side.",Mediterranean,Non-Vegetarian
Mixed Preseved Pork & Bamboo Shoot Soup,"Pork Belly, Tofu Skin, Bamboo Shoot",Chinese,Non-Vegetarian
TABBOULEH,"Traditional Mediterranean Lebanese salad w/a mixture of minced fresh parsley, fresh mint, tomato, onion, crushed bulgur wheat, lemon juice and olive oil",Mediterranean,Vegetarian
DIAVOLA,"Crushed Tomatoes, Mozzarella, Bell Pepper, Calabrese Salame, Kalamata Olives, Red Onions, Basil, Oregano, Black Pepper, and Gusto's Chill Oil",Italian,Vegetarian
Short Rib Grilled Cheese,"pulled short rib, bacon jam, Swiss, American, cheddar, roasted jalapeno",American,Non-Vegetarian
Basil fried rice Beef or Shrimp,Fresh sweet basil with our authentic Thai fried rice,Thai,Non-Vegetarian
Szechuan Chicken (Dinner Combination),,Chinese,Non-Vegetarian
Lemongrass Herbal Chicken,Fried battered marinated herbal chicken with broccoli & carrots in our signature sweet chili sauce.,Thai,Non-Vegetarian
ICE CREAM Ashta,sweet cream flavoured with mastic & orange blossom then rolled in pistachios,Mediterranean,Vegetarian
Sampler,"Can't go for just one? Enjoy our Toasted ravioli, fried mozzarella and fried zucchini.",Italian,Vegetarian
Tofu Sesame Citrus Noodle Bowl,"Crispy tofu, chilled ube noodles, asian pear, fresh herbed greens, crushed peanuts, crispy onions, citrus chili dressing",American,Vegetarian
Chicken Lo Mein,Served w. Pork Fried Rice or White Rice (Lunch Special),Chinese,Non-Vegetarian
JAMESON PICKLE BACK,Jameson side of pickle juice,American,Vegetarian
Soft Taco Beef or Chicken (Three),,Mexican,Non-Vegetarian
Quesadilla (Kids Menu),"servido con arroz, frijoles o papas fritas. Incluye bebida",Mexican,Vegetarian
Pumpkin Spice Chai Latte,"Chai, pumpkin, choice of milk, whipped cream",American,Vegetarian
Dry Sauteed String Beans,,Chinese,Vegetarian
DRY FRIED SHRIMP CHOW MEIN,"Shrimp deep fried in batter and sauteed in a spicy garlic sauce enhanced with roasted red peppers, mushrooms, carrots green onion and bamboo shoots. All chow mein comes with wok fried soft needles for homemade noodles additional $1 charge. These chow mein include mixture of julienne vegetables.",Chinese,Non-Vegetarian
Fresh Brewed Coffee,,Mexican,Vegetarian
Chicken Flauta Special,"Meat in deep fried flour tortilla, topped with guacamole, sour cream, and cheese. Includes rice and beans",Mexican,Non-Vegetarian
DOS EQUIS LAGER ESPECIAL,,American,Vegetarian
Ghee Kaaram Benne Dosa,"A tantalizing South Indian dosa infused with aromatic ghee and topped with a spicy chili paste, house special paste.",Indian,Vegetarian
CARAJILLO,"licor 43, espresso",American,Vegetarian
Regular Flour Quesadilla (Cheese) (V),,Mexican,Vegetarian
Chardonnay Kistler Les Noisetiers '22,Sonoma Coast,American,Vegetarian
Saag Paneer GF,Paneer (Indian cottage cheese) cooked in a creamy spinach-based sauce infused with aromatic spices,Indian,Vegetarian
Guisado de Carne de Puerco,"Chunks of pork cooked in green sauce with onions and peppers. Served with rice, beans and tortillas.",Mexican,Non-Vegetarian
Spicy Cilantro Chilly Margarita,"Souza Gold Tequila, Fresh Cilantro, Indian Chilies, Triple Sec, Sour Mix.",Indian,Vegetarian
New York Reuben,"house beer-brined corned beef, sauerkraut, swiss cheese and thousand island dressing on grilled marble rye bread.",American,Non-Vegetarian
chicken fajita,marinated chicken seared w/onions & peppers,Mexican,Non-Vegetarian
Fried Fish (2pcs),with Pork Fried Rice,Chinese,Non-Vegetarian
The Hangover Burger,"Beef patty, sriracha candied bacon, fried egg, pepper jack cheese, fried onions, garlic aioli, and brioche bun.",American,Non-Vegetarian
FLECHA MARGARITA (Taco Tuesday),,Mexican,Vegetarian
Jack Daniel's Tennessee Whiskey,,Mexican,Vegetarian
"Frank Cornelissen, 'Susucaru', Vino Rosso, Sicily, Italy, 2023",,American,Vegetarian
Seafood Linguini* (Dinner Pasta),"Blue crab, calamari, smoked tomato, oregano",Italian,Non-Vegetarian
Grilled Lamb Chops,Marinated with shallots and Chinese spices served with seasonal vegetables,Chinese,Non-Vegetarian
Side Falafel,5 Patties served with Tahini Sauce.,Mediterranean,Vegetarian
Osso Buco,Veal shank braised in red wine reduction served with saffron risotto,Italian,Non-Vegetarian
Soft Drinks,,Indian,Vegetarian
Jefferson Reserve,,Indian,Vegetarian
Montepulciano d'Abruzzo Umani Ronchi 2023 Abruzzo 75cl,Red,Italian,Vegetarian
Plain Lo Mein,,Chinese,Vegetarian
Beef w. Garilc Sauce (sm.),w. White Rice,Chinese,Non-Vegetarian
Fresh Young Coconut,,American,Vegetarian
Beef Snow Peas,,Chinese,Non-Vegetarian
Casaer Salad,,American,Vegetarian
Baba Ghanouj to Share,"A smooth blend of ground eggplant, garlic and tahini sauce topped with olive oil. Served with grilled pita.",Mediterranean,Vegetarian
Tzatziki (Side),,Mediterranean,Vegetarian
Galliano Low Proof,,Italian,Vegetarian
Mongolian Beef (Lunch Special),,Chinese,Non-Vegetarian
Sesame Chicken,Battered dark meat chicken. scallions. chili.sesame seeds (tofu option),Thai,Non-Vegetarian
Stone Arch Bloody,"Gray Duck vodka, House Bloody mix, chicken wing and cheese curd garnish",American,Non-Vegetarian
Vegetable Tempura Soba,,Thai,Vegetarian
CAESAR W/ SALMON,"Our much loved version of this classic salad, creamy dressing, anchovy paste garlic, Parmesan",Italian,Non-Vegetarian
Pita Bread,One Pita bread,Mediterranean,Vegetarian
Bun Ga Xao,Vermicelli with chicken,Chinese,Non-Vegetarian
Chicken with Chinese Vegetable,Tender chicken stir-fried with a colorful mix of Chinese vegetables.,Chinese,Non-Vegetarian
Soup Du Jour,Chef's House-made Daily Offering,American,Non-Vegetarian
Fried Shrimp Basket (15pc) with Shrimp Fried Rice,,Chinese,Non-Vegetarian
Mix Veg Kulcha,,Indian,Vegetarian
Fesenjoon,Chicken tenders simmered in a sweet and sour pomegranate sauce with roasted grounded walnuts. Served with Basmati rice.,Mediterranean,Non-Vegetarian
Garganelli,"Italian Sausage, Broccoli Rabe, Piquillo Pepper Relish, Pecorino Romano, Fennel Breadcrumb (large portion)",Mediterranean,Non-Vegetarian
Plain Dosa,"South Indian-style fermented rice/lentil batter. Served with Coconut Chutney or Peanut Chutney, Tomato Chutney and sambar (Lentil Soup).",Indian,Vegetarian
Nero DAvola Tenuta Regaleali Lamuri Sicilia 2019 (Bottle),,Italian,Vegetarian
La Marca,,Indian,Vegetarian
Veal Parmigiana Sub,,Italian,Non-Vegetarian
"Non Alcoholic Sparkling Ros Libby, California (Glass)",,Italian,Vegetarian
Excellia Aejo Tequila,Aejo Tequila.,Mexican,Vegetarian
MUSHROOM MASALA,"Fresh cut mushrooms prepared w/ tomatoes, ginger, & bell peppers.",Indian,Vegetarian
Teriyaki Chicken,,Chinese,Non-Vegetarian
"MARIETTA CELLARS, OLD VINE ROSE, CALIFORNIA 2021",- (Glass),Mediterranean,Vegetarian
VINAIGRETTE SALAD (feeds eight),,Italian,Vegetarian
14. B.B.Q Spare Ribs (4),,Chinese,Non-Vegetarian
Tartufo,"vanilla gelato, chocolate gelato, cherry",Italian,Vegetarian
Tortellini Alfredo,Can add chicken,Italian,Vegetarian
THAI STYLE FRIED RICE,"Thai traditional Fried Rice with egg, onions, scallions, tomato, cilantro, and lime (chicken, tofu, VEG/beef+$2, shrimp+$2).",Thai,Non-Vegetarian
Add Shrimp (to Mesclun Salad),,Italian,Vegetarian
Diet Coke,,Mediterranean,Vegetarian
Beef Shawarma over Fries,"Sliced beef cutlets marinated and grilled, served over french fries topped with your choice of 3 sauces (Tahini, Garlic, Tzatziki, Ketchup, Hot Sauce, Rumaan Special Sauce)",Mediterranean,Non-Vegetarian
Ceviche Aguachile,"Shrimp, fish, octopus, aguachile dressing, pico de pepino",Mexican,Non-Vegetarian
Plum Sauce,,Thai,Vegetarian
Carrot cake,,American,Vegetarian
Italian Fish Fry,Italian Fish Fry,Italian,Non-Vegetarian
Chicken with Broccoli,Tender chicken and steamed broccoli in a flavorful sauce.,Chinese,Non-Vegetarian
"2020 Ely Callaway Cellars, Paso Robles California, Cabernet Sauvignon (bottle)",Red Wine,Mediterranean,Vegetarian
Tom Kha,"Rich soup with coconut milk, galangal, lemon grass, lime leaves, tomatoes, mushrooms, shallots, and fresh cilantro with your choice of protein.",Thai,Vegetarian
ROMAINE WEDGE,"romaine, hickory smoked bacon, bleu cheese crumbles, red onion, tomatoes, garlic bleu cheese dressing",Italian,Non-Vegetarian
QUESADILLAS,"spinach flour tortilla, oaxaca cheese, sauted baby spinach, mushrooms",Mexican,Vegetarian
2020 VINO NOBILE DI MONTEPULCIANO contucci,tuscany IT/ sangiovese,Italian,Vegetarian
PARMIGIANA,"Chicken or veal, fresh mozzarella, marinara, served with spaghetti",Italian,Non-Vegetarian
KENDALLS SLUTTY BROWNIE (Bites),"oreo, chocolate chip cookie, brownie, vanilla ice cream, chocolate fudge",American,Vegetarian
Lamb Shank,Braised Shank served over Saffron Basmati Rice topped with Lentils and Golden Raisins,Mediterranean,Non-Vegetarian
Classic Caesar,"romaine, croutons, shaved parmesan, house made Caesar dressing",Italian,Vegetarian
SALMON SKEWERS (SOUVLAKI),Two char-grilled salmon skewers over rice with a Greek salad. (1053 cal),Mediterranean,Non-Vegetarian
Proper Pilsner,Vacancy Brewing (16oz),Mediterranean,Vegetarian
Hot Chocolate,,Italian,Vegetarian
Breakfast of The House,"Nacho chips smothered in green or red sauce, fried beans, bacon, 1 sunny-side-up egg and 1 mollete. (Served with rice, beans & fresh Mexican cheese)",Mexican,Non-Vegetarian
CLAY PIT MANGO-TINI,Vodka with mangos and vermouth.,Indian,Vegetarian
Chicken with Peanuts(kung pao) Luncheon Special,,Chinese,Non-Vegetarian
Spumoni,,Italian,Vegetarian
SALTY LASSI,Homemade yogurt drink made with salt.,Indian,Vegetarian
KANG KAREE,"Yellow curry with potatoes, carrots and yellow onion.",Thai,Vegetarian
Wings (5),"tossed in your choice of sauce. Choose from Parmesan Garlic, Traditional Hot, Calabrian, Creamy Calabrian, or Ghost Chili",Italian,Non-Vegetarian
Eggplant Parmigiana,Baked eggplant with marinara sauce and mozzarella served with spaghetti,Italian,Vegetarian
"Domaine Skouras Megas Oenos, Greece, 2019","regal, thrilling, ambitious",American,Vegetarian
TACOS DE CALLO Y CAMARON,Bay scallops / Shrimp / Jicama tortilla,Mexican,Non-Vegetarian
Italian Sausage Bruciati,Grilled with sweet bell peppers and onions,Italian,Non-Vegetarian
YUM CALAMARI,"Calamari with cilantro, onions, tomatoes in a spicy lime dressing.",Thai,Vegetarian
SOMMELIER SELECTED WINE PAIRING,(for 5-Course Summer menu),American,Vegetarian
Chimichanga De Mariscos,"Flour tortilla filled with a seafood medley then deep-fried until golden brown and topped with cream sauce and melted cheese, served with rice and beans.",Mexican,Non-Vegetarian
Lunch Tacos al Carbon,"Two soft corn tortillas dipped in our special sauce, grilled to perfection, filled with sirloin steak or grilled chicken, onion, tomatoes and fresh cilantro. Topped with house guacamole and cotija cheese. Acoompanied spanish with rice and beans.",Mexican,Non-Vegetarian
"SAUVIGNON BLANCE Oyster Bay, NZ (Glass)",,Thai,Vegetarian
Pumpkin Curry,"Red curry paste in coconut milk, pumpkin, carrot, tomato, bell pepper, and basil leaves",Thai,Vegetarian
FRIED BANANA,"BANANA AND COCONUT RICE WRAP WITH SPRING ROLLS PASTRY SERVED WITH HONEY, CHOCOLATE AND VANILLA ICE CREAM",Thai,Vegetarian
"Cabernet Blend, LA FERME ROUGE La Petite Ferme Rouge 2018 (Glass)",(Morocco),Mediterranean,Vegetarian
The Bite Fries,"Paprika, Garlic, Feta Cheese. Gluten free Vegetarian",Mediterranean,Vegetarian
Palak Paneer,"Homemade cheese cooked with spinach, mildly flavored with fresh herbs & spices.",Indian,Vegetarian
Peanut Sauce,,Thai,Vegetarian
Red Curry,"A rich red curry simmered in coconut milk with bamboo shoots, bell peppers, and fresh basil. Infused with aromatic Thai herbs and a gentle heat from red chili paste. Bold, creamy, and beautifully balanced.",Thai,Vegetarian
peppercorn,Sauce,American,Vegetarian
Smooth Operator,"ketel one vodka, strawberry, aloe vera, lemon, ginger beer.",Mexican,Vegetarian
Red Bull Sugar Free,,American,Vegetarian
CESARE,"Our version with romaine, kale, and homemade toasted breadcrumbs.",Italian,Vegetarian
Michele Chiarlo Nivole Moscato dAsti Bottle,"Savor the sweet, fruity essence of Moscato. Your optimal wine for pairing with any dish. Moscato d'Asti DOCG, Italy | 2022",Thai,Vegetarian
Gow Rao Nuar Raum Mor Fai,"Beef broth with meat balls, stew beef, bean sprouts and chinese broccoli in fire pot, served with steamed white rice.",Thai,Non-Vegetarian
KONA BIG WAVE GOLDEN ALE 10 oz.,"Kona, HI American Golden Ale / 4.4% ABV",Mediterranean,Vegetarian
Onion Pakora (V),,Indian,Vegetarian
Plain Naan,Leavened white bread baked in tandoor oven.,Indian,Vegetarian
123 Reposado Tequila,Reposado tequila.,Mexican,Vegetarian
Southern Wedge,"Iceberg lettuce, avocado, cilantro, candied bacon, smokey Bleu cheese crumbles, tomatoes, grilled sweet corn, fire roasted sweet peppers, scallions, bleu cheese dressing.",American,Non-Vegetarian
Basil Fried Rice,"Choice of chicken, tofu, or shrimp, with basil, onions and carrots.",Thai,Vegetarian
Soda Rootbeer,,Mexican,Vegetarian
HOT HERBAL TEA,,Thai,Vegetarian
CHICKEN SHAWARMA WRAP,"Chicken Shawarma, Pickles, Garlic Sauce, Fries, and Pomegranate Molasses Wrapped",Mediterranean,Non-Vegetarian
Don Julio 1942,,Mediterranean,Vegetarian
Cochinita pibil (Lunch),"Tender pork meat, marinated in achiote and juices, served with warm tortillas",Mexican,Non-Vegetarian
Two Eggs Any Style,"Two eggs any style, choice of toast, homies with onions 'V'",American,Vegetarian
SPICY GRILLED SALMON,Grilled Atlantis Salmon fillet topped with Thai chili pepper sauce.,Thai,Non-Vegetarian
VEGGIE SAMOSA (2 Pcs),"Crispy pastry filled w/mashed potatoes, peas with herbs and spices",Indian,Vegetarian
Thai Noodle Soup,,Thai,Vegetarian
Szechuan Beef (Dinner Special),,Chinese,Non-Vegetarian
Trent Burger,"Bacon cheese burger on wheat toast with grilled onions, avocado, lettuce, and tomatoes. Served with fries or salad and soda.",Mexican,Non-Vegetarian
Fish Chettinad,A lovely flavorful Mahi Mahi fish curry made by toasting aromatic spices with coconut. Served with white rice.,Indian,Non-Vegetarian
Mango Sparkler,,Thai,Vegetarian
Mongolian Beef,,Chinese,Non-Vegetarian
Consome,Goat broth,Mexican,Non-Vegetarian
Egg Rolls (2),,Chinese,Vegetarian
Omelette Paratha,"Crispy, flaky, and buttery layered flatbread paired with a soft cooked veggie omelette",Indian,Vegetarian
8-Treasure Chicken,White meat chicken sauted with peanuts and mixed vegetables in spicy brown sauce.,Chinese,Non-Vegetarian
Vegetable Samosa (2 pcs),Crispy patties stuffed with potatoes.,Indian,Vegetarian
moroccan green tea pot,"A fragrant blend of green tea leaves and fresh mint, served in traditional Moroccan style.",Mediterranean,Vegetarian
Goat Biryani,"Tender pieces of goat cooked in Basmati rice, cashew nuts, golden raisins & exotic spices.",Indian,Non-Vegetarian
Japanese Udon Noodle (Shrimp),,Chinese,Non-Vegetarian
Edamame - Soy Bean Peas,Soy Bean Peas,Chinese,Vegetarian
Tiramisu,Lady Fingers Soaked in Lavazza Coffee & Espresso. Topped with Sweetened Mascarpone.,Mediterranean,Vegetarian
Heirloom Tomatoes,"crme frache panna cotta, cherry pit vinaigrette, fried garlic, basil, chives",American,Vegetarian
Valpolicella Zenato (Bottle),(Veneto),Italian,Vegetarian
PAD WOON SEN WOK Beef,"Stir-Fried Glass Noodles, Egg, Cabbage, Carrot, Green Onion and your Choice of Meat",Thai,Non-Vegetarian
Jamaica,,Mexican,Vegetarian
Smoke & Mirrors,"Elegant | Stirred | Smoked Inspiration: Old Fashioned Alfred Giraud Hritage French whisky, WhistlePig 12 yr, demerara, black walnut bitters (Tableside Experience)",Mediterranean,Vegetarian
Mochiko Chicken (Med pan),,Chinese,Non-Vegetarian
Fish Vindaloo,sh cooked with potatoes in a spicy tomato sauce.,Indian,Non-Vegetarian
Chilly Nan,Leavened flour bread with fresh green chillies,Indian,Vegetarian
BURRATA,HOUSE MADE JAM | LEMON OLIVE OIL | SABA | BEE POLLEN | CANDIED NUTS | PICKLED RED ONION | MICROGREENS | GARLIC CROSTINI,Italian,Vegetarian
Budweiser Draft,,Mexican,Vegetarian
Pumpkin Mocha Martini,"new amsterdam vodka, pumpkin spice rumchata, owen's nitro-infused espresso, crme de cacao, pumpkin spice",American,Vegetarian
Add Blueberries to Short Stack,,American,Vegetarian
Eggplant Rollatini,Eggplant stuffed with ricotta cheese filling and baked in marinara sauce and topped with Parmigiano Reggiano cheese,Italian,Vegetarian
"The Fableist, 2023, Paso Robles (Bottle)",,Mediterranean,Vegetarian
nEREllo MaScalESE Agape Valdibella,"Sicily Cherries, strawberries, Sicilian herbs and spice.",Mediterranean,Vegetarian
Erbil Yogurt Drink,Traditional yogurt drink from Erbil.,Mediterranean,Vegetarian
Pad Thai,,Thai,Vegetarian
Thai Steamed Mussels (GF),"Steamed mussels,Thai herb, sweet basil in lemongrass broth.",Thai,Non-Vegetarian
PANANG,"delicious, spicy, nutty curry, salty & sweet,with a zesty, kaffir lime flavor, served with steamed broccoli",Thai,Vegetarian
Chicken Soup,Served with pita bread.,Mediterranean,Non-Vegetarian
Fried Tofu,Deep-fried bean curd served with sprinkle of ground peanuts in sweet & sour.,Thai,Vegetarian
Oysters on the Half Shell,"Half Dozen | Mignonette, horseradish, lemon",American,Non-Vegetarian
Sfumato Rabarbaro Amaro,,Italian,Vegetarian
Chicken Shawarma Plate (dark meat) (2 sides),"served with rice, lebanese turnips, tahini & choice of sides",Mediterranean,Non-Vegetarian
Sangiovese Tres Raices 2021 (Bottle),"Guanajuato, Mexico",Mexican,Vegetarian
White Claw Mango Seltzer,,Mexican,Vegetarian
Sausage & Peppers,"Sweet Italian Sausage, Toasted Peppers & Onions, Marinara Sauce, On A Toasted Hero Roll",Italian,Non-Vegetarian
Gluten-Free Prime Burger,"gluten-free bun, kennebec fries, house-made giardiniera, choice of aged white cheddar, wisconsin swiss or havarti",American,Vegetarian
N7 - Pad Thai Wood Sen,"stir-fried glass noodles, bean sprouts, egg,with Thai homemade sweet and sour tamarind sauce and top with roasted ground peanut, green onion,cilantro and lime. protein options.",Thai,Vegetarian
Kids Pasta,Buttered Noodles and parmesan,American,Vegetarian
Chicken Tender/Kabob Entree,Marinated Mediterranean-style chicken tenderloins.,Mediterranean,Non-Vegetarian
SPICY LABNI,"Yogurt cheese cream mixture w/ small dices of cucumber, tomatoes, pickles, Aleppo pepper spice, jalapeos, mint, olive oil",Mediterranean,Vegetarian
Mango Sticky Rice (seasonal),,Thai,Vegetarian
Vegetable Soup,Lentil based vegetable soup,Indian,Vegetarian
Chicken Taco (Lunch),"Served in soft corn tortillas with organic brown rice, organic beans, roasted tomato salsa, and guacamole on the side",American,Non-Vegetarian
HK style Milk Tea (Hot),,Chinese,Vegetarian
Black Pepper Chicken,Diced chicken stir-fried with house black pepper sauce and basil.,Thai,Non-Vegetarian
Refritos Tostada,,Mexican,Vegetarian
Panang Shrimp / Panang Goong,"With cumin, kaffir lime, peanuts & Panang curry",Thai,Non-Vegetarian
Sample Platted (10),"A good combination of paradise that chosen from popular orders of vegetable spring roll (2), shrimp tempura (2), crab cheese wonton (2), shu mai (2) and chicken gyoza (2).",Thai,Non-Vegetarian
Eggs & Cheese Sandwich,Please choose Scrambled or boiled,Mediterranean,Vegetarian
MEGA MAZA TRAY,"Hummous, Tabbouli, Fattoush, Baba Ghannouj, Labneh w/Garlic, Iraqi Salad & 4 pcs. Falafel.",Mediterranean,Vegetarian
Basil Eggplant Salmon Fillet,"Sauteed eggplant with garlic, bell pepper, onion, carrot, and basil leaves. stir fried in house soy sauce. (GF option available)",Thai,Non-Vegetarian
"La Cantina Pizzolato Moscato Dolce (Veneto, Italy) Bottle","Organic nice creamy bubbles with aromas of chalk, banana custard pie and nectarine, spiced apple and fruity medium body with a mineral finish.",Indian,Vegetarian
Poori Chole,4B.,Indian,Vegetarian
mexican coke,,Mexican,Vegetarian
Mixed Shawarma Plate,with your choice of Two Sides,Mediterranean,Vegetarian
Quesadilla,,Mexican,Vegetarian
Basil Udon (Shrimp or Squid),"Sauteed udon noodles with eggs, onions, bell peppers, broccoli, carrots in spicy basil sauce. Hot and spicy.",Thai,Non-Vegetarian
Happy Meal (4 pc nuggets & fries),,Chinese,Non-Vegetarian
Ham Fried Rice,,Chinese,Non-Vegetarian
Jalapeños fresh or pickled (A la Carte),,Mexican,Vegetarian
Gourmet Topping,Mild Cheddar:,American,Vegetarian
Burrito Bowl (Skirt Steak or Shrimp),"filled with yellow rice, black beans, chihuahua cheese, cotija cheese, roccos hot sauce, guacamole, cilantro, served with sour cream, pico de gallo & guacamole",Mexican,Non-Vegetarian
Gang Ka-Ree Kai,"Yellow curry with potatoes, onions and coconut milk.",Thai,Vegetarian
Fried Corn,Fried organic corn with sweet chilli sauce.,Thai,Vegetarian
Chicken with Broccoli Party Tray,,Chinese,Non-Vegetarian
CHANNA SAAG,Garbanjo beans in savoury mix of finely chopped spinach and spices,Indian,Vegetarian
Vegan Tomato Coconut Soup,Tomato sauce cooked with coconut milk,Indian,Vegetarian
Sambar Soup,Lentil soup with mixed vegetables and tamarind,Indian,Vegetarian
Plain Naan,"Teardrop-shaped, leavened bread baked in a tandoor oven",Indian,Vegetarian
GREEK SALAD,"Made fresh daily, served with crackers and your choice of dressings",Mediterranean,Vegetarian
Mango Shrimp,"Shrimp Cooked with fresh mango,creamy onion tomato sauce moderately spiced.",Indian,Non-Vegetarian
PICANHA ADOBADA,chimichurri,Mexican,Non-Vegetarian
Chicken Korma with bone Chicken,prepared with garlic and ginger in a thick creamy sauce.,Indian,Non-Vegetarian
Lunch Special Chicken Lo Mein,,Chinese,Non-Vegetarian
FRIED SHRIMP,Breaded deep fried jumbo shrimp.,Mediterranean,Non-Vegetarian
Chicken Moo Shu,,Chinese,Non-Vegetarian
Rosas,"rose, raspberry, guava, ginger, lime, carbonation",Mexican,Vegetarian
Veggie Sandwich,,Mediterranean,Vegetarian
Latte 16oz,"Espresso, Steamed Milk with a Touch of Foam",American,Vegetarian
Dozen Pistachio Baklava,,Mediterranean,Vegetarian
Dr. Pepper,(Regular - Diet) 12 fl oz,Mediterranean,Vegetarian
JUICES Pineapple,,Indian,Vegetarian
Moh Sandwich (mild/med/hot/Super-Hot),"Grilled Chicken, Lettuce, Tomato, Onion, Jalapeño & Tikka Masala Cheese wrapped with Texas Bread.",Indian,Non-Vegetarian
"Watermelon, Cucumber, and Feta Salad",Mint,American,Vegetarian
SIDE OF FALAFEL,,Mediterranean,Vegetarian
Chicken Stir Fry Salad,"Romaine, marinated chicken, broccoli, water chestnuts, pea pods, red peppers, red onions, mushrooms, and roasted cashews, in teriyaki sauce. Topped with fried noodles. (540 cal)",American,Non-Vegetarian
CAMARONES A LA DIABLA,Shrimp sauted in a spicy chipotle sauce served w/rice and beans.,Mexican,Non-Vegetarian
SOUTH BEACH,"Melon Liquor, peach schnapps, white rum, pineapple juice, orange juice, sour mixed",Thai,Vegetarian
Baja Chopped Salad v,"avocado, spicy black bean, charred corn, pico de gallo, pineapple, queso fresco, cilantro ranch",American,Vegetarian
Chicken Seekh Kabab,"3 pieces. Ground chicken, cardamom, cloves, and garlic, served on skewers.",Indian,Non-Vegetarian
Bhindi Masala,"Sliced deep fried okra mixed with onion, tomatoes and aromatic species. Served with white rice.",Indian,Vegetarian
Potstickers,"Pork and vegetable, citrus vinaigrette, coleslaw, with ginger-chili-lime dipping sauce",American,Non-Vegetarian
soda can,"Pepsi, diet Pepsi, coke diet coke",Mediterranean,Vegetarian
Hunan Chicken and Beef (Qt.),W.White Rice,Chinese,Non-Vegetarian
Seafood Soup,Shrimp and crab in lightly spiced lentil puree.,Indian,Non-Vegetarian
GREEN CURRY,"Green chili paste in coconut milk with bamboo shoot, eggplant, bell pepper, carrot and basil. Served with steamed rice.",Thai,Vegetarian
Paneer Tikka Masala Quesadilla,"Paneer tikka masala, mozzarella cheese, and cilantro.",Mexican,Vegetarian
Coke,,Thai,Vegetarian
YUZU ICE CRYSTAL,"soft crystal, rock candy, grapefruit, yuzu",Chinese,Vegetarian
30 Chicken Wins,,Chinese,Non-Vegetarian
Big Noise,,Mexican,Vegetarian
Tres Leches Slice,,Mexican,Vegetarian
BENGAL TEA,"Barenjger Liqueur, Darjeeling & hot spiced tea",Indian,Vegetarian
Sizzling Seafood Platter,"prawns, scallops, calamari& fresh veggies sauted in a delicious black pepper sauce.",Chinese,Non-Vegetarian
Chicken Couscous,"Served with vegetables, chickpeas, caramelized onions & raisins",Mediterranean,Non-Vegetarian
Onion Kulcha,A light flat bread stuffed with onion and spices and cooked in a lay oven,Indian,Vegetarian
MEXICAN MULE,"blanco tequila, ginger beer, pineapple, fresh lime & mint",Mexican,Vegetarian
Australian Fry,Boiled eggs cooked with tomato gravy topped with cheese,Indian,Vegetarian
Add Black Truffle to Any Meal (Lunch),,Mediterranean,Vegetarian
Salmn a la Parrilla (Large Plates),"grilled scottish salmon, cilantro pesto, roasted red pepper sauce, cilantro lime rice, grilled vegetables",Mexican,Non-Vegetarian
Grape Leaves Pita Roll-Up,"Pita rolled up with Grape Leaves, Hummus, Lettuce, Tomato, Pickles, and Tahini Sauce",Mediterranean,Vegetarian
Dal Tadka,Mixture of yellow lentils (in India the cant live without it),Indian,Vegetarian
Harvest Bowl,"Grilled local vegetables, crispy potato, beet & cannellini bean puree.",Mexican,Vegetarian
Panna Water (Small),16 oz. bottle,Mediterranean,Vegetarian
Prosciutto Di Parma Aged 18 months,"Dry-cured ham, aged.",Italian,Non-Vegetarian
Cabernet Sauvignon Cade Howell Mountain '21,Napa Valley,American,Vegetarian
Chicken Florentine,"Sauted spinach, garlic & mushrooms in creamy alfredo sauce over spaghetti.",Italian,Non-Vegetarian
Corn Egg Drop Soup,Light and flavorful soup made with silky strands of eggs in chicken broth.,Chinese,Non-Vegetarian
Tacos 4x12,"Four tacos your way—mix meats, add toppings, and dive into bold, street-style flavor.",Mexican,Vegetarian
6. Boneless Spare Rib,,Chinese,Non-Vegetarian
Pineapple Fried Rice,"Exotic fried rice with yellow curry powder, egg yellow & green onions, carrots, tomatoes pineapples, raisins, and cashews.",Thai,Vegetarian
Hummus & Pita,Freshly made hummus served with 2 sliced pita bread.,Mediterranean,Vegetarian
Fresh vegetables basket,,Thai,Vegetarian
Ribeye (14oz)*,"Any one of the below. All Dinners Include: Minestrone Soup or Salad, Complimentary House Wine, Garlic Bread, Pasta Side, Homemade Cappuccino.",Italian,Non-Vegetarian
BLT,"grilled ciabatta, bacon, fried egg, tomato, arugula, aioli",Italian,Non-Vegetarian
Mozzarella di Bufala Caprese (Dinner),"Fresh Buffalo Mozza1eUa cheese, organic heirloom tomatoes, roasted peppers, evoo, balsamic reduction, oregano",Italian,Vegetarian
SUMMER ROLLS (SHRIMP),"Fresh rolls made with lettuce, cucumbers, carrots, bean sprouts, and rice noodles wrapped in rice paper. Served with sweet and sour sauce. (4pcs)",Thai,Non-Vegetarian
pineapple curry,"Pineapple, bell peppers, and fresh Thai basil in a red curry with coconut milk.",Thai,Vegetarian
Dolma (6 Pieces),"Rolled Grape Leaves, filled with Rice, Tomatoes, Onions, Parsley.",Mediterranean,Vegetarian
Quesadillas Chicken / Paneer / Shrimps,"Indian whole wheat tortillas, mozzarella & spice",Indian,Non-Vegetarian
Kung Pao Beef*,"Served with scallions, peanuts, zucchini and red bell peppers.",Chinese,Non-Vegetarian
"Tortas Carne Asada, Chicken, Pastor, Barbacoa, Tinga, Chilorio","All served with mayo, cheese, lettuce, refried beans, tomatoes.",Mexican,Non-Vegetarian
Kids LB Burger w/ fries,(AGES 12 AND UNDER),Italian,Vegetarian
Beef with Curry Sauce,Tender beef in a rich and flavorful curry sauce.,Chinese,Non-Vegetarian
Mixed Grill*,"Includes choice of 3 Vegetables, Grains & Couscous Harissa Marinated Beef Tenderloin, Waygu Strip Loin, Lamb Chops, Spiced Lamb Kefta, Red Pepper Chicken Breast, Herb & Garlic Shrimp & Charred King Trumpet",Mediterranean,Non-Vegetarian
Cortadito,,Mediterranean,Vegetarian
The Corner Mix Tempura,Fried battered shrimps and calamari mix with our delicious vegetable tempura. Served with sweet sesame sauce.,Thai,Non-Vegetarian
Sausage Pizza 12' (Dinner),"Fresh mozzarella, tomato sauce, and sausage.",Italian,Non-Vegetarian
FRESHLY BAKED MUFFIN OF THE DAY,(460-590 Cal),American,Vegetarian
RED SEA CURRY (Chicken or Pork),"Choice of meat cooked in a mixture of hot & spicy red curry sauce, coconut milk, bamboo shoot, seasonal vegetables & fresh basil leaves.",Thai,Non-Vegetarian
Combo Pan Fried Noodle,,Chinese,Vegetarian
Vanilla Ice Cream,,Chinese,Vegetarian
Lentil Soup (V) Regular 8oz,"Pured blend of lentils, tomatoes, onions; seasoned with olive oil and savory spices.",Mediterranean,Vegetarian
BISCOTTI CHEESECAKE Whole Cake,,Italian,Vegetarian
Stir Beef in Red Curry,Spicy. served with steamed rice.,Chinese,Non-Vegetarian
Beyond Burger,"Beyond beef meat, seasoning, arugula, marinated tomatoes, house-made vegan cheese sauce, and brioche bun (contains nuts).",American,Vegetarian
FAJITA SALAD - SIRLOIN STEAK,"Sirloin Steak Fajitas, fajita vegetables, romaine lettuce, cotijacheese, avocado, roasted pepitas, pico de gallo and crisptortilla strips. Tossed tableside with house-made serranogrape vinaigrette.",Mexican,Non-Vegetarian
Dragon & Phoenix,The combination of two: spicy General Tso's Chicken and Jumbo Shirmp with mixed vegetables. Served with white rice.,Chinese,Non-Vegetarian
Veggie Kebob Platter (V),"Two skewers of grilled bell pepper, zucchini, cauliflower, tomato, onion, and mushroom. Served with rice, one side, one sauce.",Mediterranean,Vegetarian
Pepper Chicken with Onions,Served with Roast Pork Fried Rice & Egg Roll,Chinese,Non-Vegetarian
"Mixed Vegetables Prawns, squid, beef, fish",Choice of meat with soy sauce and garlic.,Thai,Non-Vegetarian
Three Tacos del Mar Fish,"Served on a double corn tortilla, topped with cabbage, pico de gallo and homemade cucumber sauce. Served with rice and black beans.",Mexican,Non-Vegetarian
Bhindi Masala,Gently seasoned okra sauted with onions and tomatoes.,Indian,Vegetarian
Szechwan Garlic Chicken (Dinner),"Tender meat wok-tossed with fresh mushrooms, onions, broccoli, bell peppers, and carrots in a mild garlic sauce.",Chinese,Non-Vegetarian
SWEET CHILI,Extra Condiment,Italian,Vegetarian
Salmon Blackened,Cajun spice rubbed Alaskan salmon,Italian,Non-Vegetarian
LUCIAS LINGUINE WITH CLAMS,"Linguine pasta with fresh littleneck clams in a white wine, olive oil and garlic sauce",Italian,Non-Vegetarian
Sesame Shrimp (Lunch),"Served w. Fried Rice Your Choice of Egg Roll, Egg Drop Soup, Hot & Sour Soup, Wonton Soup ($0.50 Extra)",Chinese,Non-Vegetarian
Lamb Korma (GF),"Cashew nut, almond, yogurt, coconut & cream.",Indian,Non-Vegetarian
Basil Sauce Lunch Special,"Sauteed with Basil, chili, onions, string beans, carrots and bell peppers. Choice of: Vegetable, Tofu, Chicken (base $12.95), Pork, Beef, Shrimp, Squid (Pork/Beef/Shrimp are $13.95). Includes one choice of appetizer.",Thai,Vegetarian
Spiced Espresso Martini,"seedlip spice 94, espresso, vanilla nectar",American,Vegetarian
Tonnato,"bluefine tuna, heirloom tomato, tuna mayonnaise, veal gelee, capers",Italian,Non-Vegetarian
Lamb Shish Kabob,Two skewers of lamb shish kabob over rice. Hummus salad bbq vegetables and bread,Mediterranean,Non-Vegetarian
L17. Shredded Pork in Garlic Sauce,"All Served w. fried rice, white rice or brown rice and choice of wonton soup, hot & sour soup or egg drop soup",Chinese,Non-Vegetarian
House Special Soft Spicy Dry Beef,,Chinese,Non-Vegetarian
Sweet and Salt Soda,Carbonated soft drink made little sweet and little salt,Indian,Vegetarian
Fried Tofu Fried Rice,Stir fried rice with bean curd.,Thai,Vegetarian
santa teresa 1796 (Venezuela),,Mediterranean,Vegetarian
BELL-RITO BURRITO,"Filled with ground beef, rice and sauted bell peppers, smothered in green chile.",Mexican,Non-Vegetarian
Fettuccine Maiale e Spuntature,"Homemade Fettuccine, braised pork shoulder and baby back ribs in fresh tomato sauce, Pecorino",Italian,Non-Vegetarian
Vegetarian Combination Pick Three,"(A) Bean Burrito, (B) Rice Burrito, (C) Cheese Enchilada, (D) Spinach Enchilada, (E) Bean Enchilada, (F) Chalupa, (H) Chile Relleno, (I) Bean Quesadilla, (J) Cheese Quesadilla. Served with Mexican rice and beans.",Mexican,Vegetarian
CAMARON (Taco),Grilled shrimp / Lettuce / Poblano pesto / Avocado / Pickled radish,Mexican,Non-Vegetarian
2 Krab Cakes,,American,Non-Vegetarian
Thin Crust Whole Topping (Medium 12),,Italian,Vegetarian
ARGENTINE EMPANADAS,"carne, spinach cheese, chicken, potato, chimichurri. by Savory Crust, LTW",Indian,Non-Vegetarian
"House Hummus (vg, g)","chickpeas, chili flakes, garlic, choice of flat bread, fresh veggies, or half & half",American,Vegetarian
Hawaiian Pizza - Small (10'),"Our Hawaiian Pizza Is Topped With a Generous Amount Of Ham & Pineapple, Mozzarella Cheese, Zesty Pizza Sauce and Sesame Seeds.",Italian,Non-Vegetarian
Fish Samosa,"2 pieces Triangular pastry/turnover filled with chopped fish, mild spices and herbs. Served with Tamarind & Mint sauces on the side.",Indian,Non-Vegetarian
lasagna,"fresh egg pasta, bolognese sauce, garlic cream, ricotta, provolone, parmesan, mozzarella",Italian,Non-Vegetarian
Guay Tiew Ruer Nuer Sod,"Noodles with sliced rare beef, spinach a nd be an sprouts in beef soup",Thai,Non-Vegetarian
NEW FROS,"FROZEN ROSE WINE hints of strawberry, citrus & peach",Italian,Vegetarian
SPINACH BORAK (1/2 Dozen),"A seasoned mixture of spinach, onions, sumac, and lemon juice; stuffed in our special dough and baked in our wood-fired oven.",Mediterranean,Vegetarian
Brunch Iced Tea,Ask your server for todays selections.,American,Vegetarian
"alkaras Pasaeli, Seahorse, Aegean, Turkey, 2022",,Mediterranean,Vegetarian
Hunan Shrimp,,Chinese,Non-Vegetarian
Ma Po Tofu (Soft Tofu),,Chinese,Vegetarian
Espresso Crme Brul,Topped With Espresso Beans,American,Vegetarian
Shaken Coconut Cold Brew (Brunch Happy Hour),Brunch Happy Hour Drink,American,Vegetarian
Crab in Pastry,Fresh Crab Meat Wrapped in Pastry,Indian,Non-Vegetarian
Steamd /Fried Chicken Dumpling,,Chinese,Non-Vegetarian
White Wine,,Thai,Vegetarian
Basil Fried Rice,"Stir-fried rice with bell peppers, onion, mushroom, jalapeno, basil. Spicy.",Thai,Vegetarian
Kadai Paneer,Paneer tossed with freshly ground spices and sliced bell-peppers and onions,Indian,Vegetarian
Grilled Turkey BLT,"ROASTED TURKEY BREAST WITH WHITE CHEDDAR CHEESE, MAPLE BACON, WILD ORGANIC ARUGULA, AVOCADO, TOMATO AND GRAIN MUSTARD AIOLI ON RUSTIC BIANCO BREAD.",American,Non-Vegetarian
FOUNTAIN SODAS Dr. Pepper,,Chinese,Vegetarian
FISH & CHIPS,"Big Lug beer battered Atlantic cod filets fried and served with tartar sauce, hand-cut fries, and your choice of one side.",American,Non-Vegetarian
Benzinger Sauv Blanc (bottle),Sonoma County,American,Vegetarian
TIKKA MASALA CURRY BOWL Shrimp,Mouthwatering creamy tomato curry infused with fresh herbs & ground spices,Indian,Non-Vegetarian
Chow-Mein VEG,"Chow Mein is a stir-fried Chinese noodle dish with vegetables, meat, and sauce.",Indian,Non-Vegetarian
Mapo Tofu,,Chinese,Vegetarian
"43. Chili Jam Shrimp, Seafood or Combo of Chicken, Beef and Pork","Sauted onions, scallions, carrots, and bell peppers in a Thai chili paste sauce",Thai,Non-Vegetarian
Soft Drink,,Thai,Vegetarian
Brownie Sundae,,Italian,Vegetarian
Dinner MooGooGaiPan,"Served with choice of White Rice,Brown Rice or Pork Fried Rice & Egg Roll",Chinese,Non-Vegetarian
Spinach,"Mediterranean flatbread topped with fresh spinach, onions, sumac, and spices folded into a triangle",Mediterranean,Vegetarian
Rice Noodle Soup Shrimp,"A truly original noodle soup served in a bowl with bean sprouts and green onion. Topped with garlic oil, black pepper, and fresh cilantro.",Thai,Non-Vegetarian
PANEER (CHEESE) Vindaloo,A Portuguese influence on Indian cooking brought life to vindaloo a tangy onion and vinegar sauce.,Indian,Vegetarian
Steamed Jumbo Shrimp with Broccoli,Served with Steam Rice Brown Sauce on the side,Chinese,Non-Vegetarian
SMOKED SALMON PLATE,"The Lox Plate, Roma Tomatoes, Cucumbers, Capers, Red Onion, Home Made Herbed Cream Cheese, Lemon, Dill, Over Grill Toast Levain Bread.",Mexican,Non-Vegetarian
Fettuccini w/ Garlic Oil Half Pan,,Italian,Vegetarian
Classic Greek Salad,Side,Mediterranean,Vegetarian
TRENTINO HARVEST,ocho reposado tequila | housemade cinnamon syrup | apple | lemon | bitters,Italian,Vegetarian
ALOIS LAGEDER PINOT GRIGIO,ITALY,American,Vegetarian
Chicken Bacon Ranch,"Grilled chicken breast, ranch, crispy bacon, american cheese, roasted tomato and shredded lettuce on a fresh bakery roll.",American,Non-Vegetarian
Turkey Club Sandwich,"Bacon, lettuce, tomato, mayonnaise, multi-grain bread",Italian,Non-Vegetarian
Beef Lula,,Mediterranean,Non-Vegetarian
Simple Burrito,"Rice, beans, cheese, sour cream and guacamole.",Mexican,Vegetarian
24 Hours Beef Noodle Soup,"Slow cooked bone-in beef short rib, egg noodles, bone marrow broth, Broccoli, Thai basil, bean sprouts, cilantro, onion & chicharron garlic oil",Thai,Non-Vegetarian
Tater Tots,,Italian,Vegetarian
Shrimp with Broccoli Pint,Served with white rice,Chinese,Non-Vegetarian
Tilapia,"comes with rice or couscous + 2 side orders, pita, & sauce",Mediterranean,Non-Vegetarian
Catfish Basket,"Hand breaded perfectly seasoned catfish fried golden brown, served with fries.",Mexican,Non-Vegetarian
Onion Uttapam,,Indian,Vegetarian
Macho Nachos,"Guac, pico, sour cream, jalapeno, beans, cheese",American,Vegetarian
"Spaghetti Linny Ray's Sauce, Pecorino cheese, basil",,Italian,Vegetarian
Appam - 3 Pieces,"Light and flaky delicacy of Kerala, made with soaked grounded rice and coconut milk.",Indian,Vegetarian
"Crunchy Cashew (Dinner, Beef)","Roasted cashew nuts, water chestnuts, green peas and carrots stir fried in brown sauce. Served with steamed rice.",Chinese,Non-Vegetarian
General Tso's Shrimp,Batter Fried - Crispy shrimp sauted in a tingling spicy sauce with broccoli.,Chinese,Non-Vegetarian
FRITTURA MISTA,"fried calamari, local cod, shrimp, chillie-citrus aioli",Italian,Non-Vegetarian
Mixed Veg.Pokora,Fritters of assorted fresh vegetables gently seasoned and fried in a bason or chickpeas batter.,Indian,Vegetarian
Jumbo Burrito,"Really big burrito filled with Mexican rice, refried beans or black beans, and your choice of ground beef or shredded chicken. Topped with shredded cheese and burrito sauce, lettuce and sour cream.",Mexican,Non-Vegetarian
Harissa-Glazed Jidori Chicken,"Baby potatoes, lime-cilantro chicken jus",Mediterranean,Non-Vegetarian
Steamed Mixed Vegetable,"No M.S.G, Salt, Sugar or Corn Starch, served Steamed with White Rice",Chinese,Vegetarian
TOM KHA PUCK (Vegetables) small,"Assorted vegetables simmered in coconut milk broth with lime juice, lemongrass, galanga, and cilantro. (mild)",Thai,Vegetarian
Chicken Tikka Masala Lunch,"Chicken Tikka Masala served with Aloo Mattar, Dal of the Day, basmati rice, naan & salad.",Indian,Non-Vegetarian
Sausage,,American,Non-Vegetarian
COMBO 15 (Ground Beef),"One burrito, one enchilada and one tamale.",Mexican,Non-Vegetarian
Garlic Shrimp,Shrimp cooked with fresh garlic and spices.,Indian,Non-Vegetarian
Strawberry Shortcake Waffles,Strawberries | Whipped Cream | Powdered Sugar | Syrup vegetarian,American,Vegetarian
Vegetarian Combination for 2,"Served with vegetable samosa, choice of 3 vegetable dishes, rice, naan and dessert. Served with rice and naan.",Indian,Vegetarian
Lemonade,,Chinese,Vegetarian
"Sparkling Wine Brut or Ros (Glass, Happy Hour)",,Italian,Vegetarian
Old Fashion,"Bourbon - orange essence, lightly sweet",Mediterranean,Vegetarian
Topping,Onions:,Italian,Vegetarian
King Crab,full pound,American,Non-Vegetarian
Pineapple Curry Fish Grouper Filet,"Golden fried Fish topped with bamboo shoot, sweet basil, pineapple, eggplant and bell peppers in red curry cream sauce",Thai,Non-Vegetarian
ERIC BORDELET Nouvelle Vague Sidre dry cider,,American,Vegetarian
POORMAN NOODLE - Chicken,"A choice of Chicken, stir-fried with egg noodle, egg, baby corn, broccoli, carrot and mushroom in house sauce.",Thai,Non-Vegetarian
Grilled Quesadilla,"Tortilla stuffed with salsa and cheddar cheese with your choice of black beans or chicken, along with lettuce, sour cream, tomatoes and green onions on the side",American,Vegetarian
Kapow (Ground Chicken or Ground Pork) Dinner,Sauted choice of meat with Thai peppers and hot basil leaves in chili garlic sauce.,Thai,Non-Vegetarian
Lo Mein Noodle,"select choice of meat, egg noodle, house sauce, cabbage, carrot, onion, broccoli, and green onion.",Thai,Non-Vegetarian
MEATBALL (1),"Organic, Grass fed hand rolled Beef Meatballs.",Italian,Non-Vegetarian
Jumbo Shrimp Cocktail,"Perfectly cooked and chilled jumbo shrimp served with cocktail sauce, horseradish and lemon",Italian,Non-Vegetarian
KORMA,"CHICKEN: Mildly spiced, cooked with cashew and onion gravy.",Indian,Non-Vegetarian
Tikka Masala,,Chinese,Vegetarian
Moo Goo Gai Pan,,Chinese,Non-Vegetarian
COKE,Soda,Italian,Vegetarian
Plain Naan,,Indian,Vegetarian
CHICKEN & WAFFLE SLIDERS,"Two chicken and waffle sliders, served with warm maple syrup, seasonal fruit sauce, side of fruit",American,Non-Vegetarian
SESAME CHICKEN,Served with chocie of rice or substitute with lo mein for $2.5,Thai,Non-Vegetarian
Moo Shu Chicken with 4 Pancakes,"Diced chicken, eggs, cabbage, wood ears, carrots, onion, bamboo shoot, scallion, served with 4 pancakes and plum sauce (25 cents per additional pancake)",Chinese,Non-Vegetarian
Passion Fruit Mousse,"Organic Cream, Passion Fruit Juice, Passion Fruit Caviar",American,Vegetarian
Beef Salad,,Thai,Non-Vegetarian
Pizza Puff,,Mediterranean,Vegetarian
Plain Dosa,With sambar & two chutneys,Indian,Vegetarian
1 Beef 1 Chicken Kabob,"come with rice or couscous , pita , sauce",Mediterranean,Non-Vegetarian
Kadai Chicken,"Chicken cooked in garlic, ginger, green peppers, fresh coriander, onions, and serrano chillies",Indian,Non-Vegetarian
Sauteed Green Pepper w/ Preserved Soy Bean,,Chinese,Vegetarian
STEAMED CHICKEN MOMOS,Steamed dumplings with seasoned ground chicken filling served with tomato-cilantro sauce.,Indian,Non-Vegetarian
BROCCOLI WITH BEAN SPROUTS IN GARLIC AND BLACK BEAN SAUCE,,Thai,Vegetarian
Mixed Fajitas,"Steak, Chicken & Shrimp Grilled with Onion, Tomatoes & Bell Peppers. Served with a Side of Rice, Beans & Tortillas",Mexican,Non-Vegetarian
Party Size - Red Curry with Jasmine Rice,"This rich curry features red chili paste, simmered with coconut milk, Kaffir lime leaves, basil, bamboo shoots and bell peppers. Served with Jasmine Rice (GF)",Thai,Vegetarian
Mediterranean Light Pasta,"Fresh spinach, capers, olives, onions, plum tomatoes, EVOO & angel hair pasta. VEG | V. Served with your choice of soup.",Mediterranean,Vegetarian
CHICKEN TENDERS (5 Pieces),"buttermilk marinade, served with Lizzys Tendie Sauce",Mexican,Non-Vegetarian
Yogurt with Shallots (Masto Mousir),Yogurt with chopped shallots.,Mediterranean,Vegetarian
Steak Fajita Quesadilla (Lunch),Skirt steak prepared with Monterey Jack cheese and flour tortillas. Served with sour cream and guacamole.,Mexican,Non-Vegetarian
Cajun Pasta chicken,"spaghetti, bell pepper, onion, garlic, tomato, cajun cream sauce, parmesan, parsley",American,Non-Vegetarian
Punjabi Balti Bakra,"Mutton cubes perfectly cooked together with a fantastic blend of aromatic Indian spices including black pepper, yogurt and Desi ghee",Indian,Non-Vegetarian
81. Szechuan Chicken (L),,Chinese,Non-Vegetarian
Oven Roasted Atlantic Salmon Feta Caper Aioli,"Seasonal vegetables, jasmine rice, crispy onions, microgreens",American,Non-Vegetarian
Hot Plate Asada,,Mexican,Non-Vegetarian
CHICKEN SAUSAGE,,American,Non-Vegetarian
ST. SUPRY Sauvignon Blanc,9oz | Napa Valley Sauvignon Blanc,Italian,Vegetarian
Fresh Rolls,"Rice paper rolls with vermicelli, veggies, and shrimp served with house dipping sauce.",Thai,Non-Vegetarian
Taco De Pastor,"Lean, Marinated, Grilled Pork, With Pineapple, Onion, and Cilantro.",Mexican,Non-Vegetarian
GRILLED QUESADILLAS Fajita Chicken Half,"Filled with Cheddar, Monterey Jack Cheese and Pico de Gallo. Served with Guacamole and Sour Cream.",Mexican,Non-Vegetarian
Beef Udon with Black Pepper Sauce,"Sauted Japanese udon with beef, bell pepper, onion in black pepper sauce",Chinese,Non-Vegetarian
Aloo Paratha,Pratha bread stuffed with mildly spiced potatoes,Indian,Vegetarian
Dickle,,American,Vegetarian
Crab Nachos (Half),"Lump Crab, House Cheese Blend, Black Beans, Roasted Corn, Corn Tortilla Chips, Red Onion and Bell Pepper, Pico de Gallo, Sour Cream, Guacamole, Pickled Jalapeno",Mexican,Non-Vegetarian
Wild Mushroom Flatbread,"Shredded mozzarella, wild caramelized mushrooms, crumbled goat cheese, Parmigiano Reggiano",Mediterranean,Vegetarian
Orange Chicken,Served with white rice,Chinese,Non-Vegetarian
Shish Taouk (Chicken Kabob),Charbroiled skewered cubes of marinated chicken breast.,Mediterranean,Non-Vegetarian
Tuna (Maguro) Nigiri,,Thai,Non-Vegetarian
SEEKH KABOB,,Indian,Non-Vegetarian
CARROT TARATOR (*V *GF *D),"Carrot, Mayo, Yogurt, Olive Oil",Mediterranean,Vegetarian
Crab Cakes,"jumbo lump blue crab, whole-grain mustard beurre blanc, coleslaw, french fries",American,Non-Vegetarian
GET GREEKY,"Saffron Rice, Baby Greens, Feta, Hummus, Tzatziki, Olives, Pita Crumbles, and Dill Yogurt bring the full Greek party.",Mediterranean,Vegetarian
Open Sesame Salad (Catering Small),"Green leaf lettuce, tomato, cucumber, green onion, parsley, bell pepper, radish, mint, olives, feta, house dressing",Mediterranean,Vegetarian
Baba Ganouge,"A smoky dip hand-mashed with fire-roasted eggplant, fresh garlic, tahini, lemon juice and extra virgin olive oil.",Mediterranean,Vegetarian
Vegetable Skewer,"Charbroiled Zucchini, Yellow Squash, White Elder Mushrooms, Red Bell Pepper, Roma Tomatoes and Onions.",Mediterranean,Vegetarian
Cheese Rolls ( Rakakat),3 pieces . Fillo dough rolls stuffed with feta & mozzarella cheese. A side of olive oil with herbs,Mediterranean,Vegetarian
Cucumber Salad,Fresh cucumber with homemade dressing; topped with red onion and carrots.,Thai,Vegetarian
Coke (Soft Drink),(free refills),Mexican,Vegetarian
Saag Gosht,"Tender pieces of lamb slow-cooked in a fragrant blend of mustard greens and spices, offering a rich, hearty, and unforgettable flavor",Indian,Non-Vegetarian
CHICKEN CAESAR SALAD,grilled chicken romaine lettuce shaved Parmesan croutons cracked black pepper Caesar dressing,Mediterranean,Non-Vegetarian
QUESADILLAS CON HONGOS,"with cheese and seasoned, grilled fresh mushrooms",Mexican,Vegetarian
Clase Azul Añejo Tequila,,Mexican,Vegetarian
Ancho Reyes (Liqueur),,Mexican,Vegetarian
CRISPY BANANA,"Fresh banana wrapped with crunchy almonds in a spring roll skin, deep fried and drizzled with honey and sesame seeds.",Thai,Vegetarian
Lo Mein,"Choice of Shrimp, Roasted Pork, Beef, Chicken or Veggie",Chinese,Vegetarian
Sticky Rice,,Thai,Vegetarian
huevos rancheros,"Two sunny-side eggs served on warm corn tortillas, topped with our signature chorizo ranchero sauce. Served with a side of refried pinto beans and finished with queso fresco and fresh cilantro",Mexican,Non-Vegetarian
Thai Braised Beef Noodle Soup,"braised beef, beef balls, Asian green, celery, green onions, bean sprouts, fried garlic, cilantro in aromatic broth",Thai,Non-Vegetarian
Pepperoni & Pepperoni - Regular Crust (8 Slices),"Tomato sauce, mozzarella, layers of Old World pepperoni",Italian,Non-Vegetarian
SpongeBob Jellyfish Jelly Burger,"1/2lb Patty, Jellyfish Jelly (Housemade Blueberry Jelly), Pepperjack Cheese, Bacon, Jalapeo on a Brioche Bun!",American,Non-Vegetarian
Flash Fried Spinach,,Italian,Vegetarian
SODAS Diet Coke,,Indian,Vegetarian
Shrimp w. Broccoli,"Each Plate w. Egg Roll Option: Brown Rice, White Rice or Fried Rice",Chinese,Non-Vegetarian
2021 J. Lohr Merlot (Half Bottle),"Red color with raspberry, fruit aromas of plum and pomegranate, Paso Robles",Italian,Vegetarian
STEAK RANCHERO*,"Choice steak stuffed with green chiles and spices, covered with mushrooms and our own queso sauce. Served with rice, beans and flour tortillas.",Mexican,Non-Vegetarian
Grilled Chicken Breast (Salad Addition),,American,Non-Vegetarian
Summer Special,"Carne Molida Enchilada, Crispy Taco, Chicken Tinga Chalupa",Mexican,Non-Vegetarian
Rama spinach curry with roasted peanut Beef or Shrimp,A mild golden peanut curry sauce in coconut milk served on steamed young spinach and bean sprouts,Thai,Non-Vegetarian
D6. Sticky Rice With Banana,Sweet sticky rice and banana wrapped and steamed inside banana leaves.,Thai,Vegetarian
"ASSAM PEDAS w/ SQUID, INDONESIAN GRILLED SHRIMP or FLOUNDER FILLET",with tomatoes & bamboo shoots in tamarind broth,Thai,Non-Vegetarian
"Red Curry (Lunch Special) Beef, Shrimp","Fresh red curry paste in coconut milk with zucchini, bamboo shoots, basil, and bell peppers",Thai,Non-Vegetarian
Chana masala,Garbanzo peas delicate tomatoes onions & herbs,Indian,Vegetarian
"Drunken Noodle Vegetable, Tofu, Chicken or Pork","Stir fried flat rice noodle with chili, egg, red & green bell pepper, onion, garlic, and basil leaves.",Thai,Vegetarian
S.O.M.A Jam Burger,"house blend patty, black garlic-cherry jam, crispy onion, Cooper sharp cheese, brioche bun",American,Non-Vegetarian
OF2 Orange Chicken,,Thai,Non-Vegetarian
The Best Espresso Martini,"Vodka, fresh pulled espresso, demerara",Italian,Vegetarian
Ladoo,"Indulge in these sweet, round treats made from flour, ghee, and sugar, enhanced with cardamom and nuts. Perfect for celebrations or a delightful dessert.",Indian,Vegetarian
Hunan Vegetable,"Broccoli, carrots, green peppers, celery, mushrooms, water chestnuts, snow peas, onion, and your choice of meat stir fried with spicy Hunan sauce",Chinese,Vegetarian
Domain Chandon Blanc de Noir,Carneros,Italian,Vegetarian
Kah-Tahr poleko(V),"Grilled jackfruit marinated with herbs and spices, served with tomatillo sauce.",Indian,Vegetarian
Green Papaya Salad,"Poached shrimp + tomato + Thai basil + mint + shredded green papaya, carrot + red pepper + chili lime dressing + toasted cashew.",American,Non-Vegetarian
POORI,Whole wheat thin bread.,Indian,Vegetarian
POTATO SALAD (360 cal),GF,Mediterranean,Vegetarian
"N.V. Devant Glow Label Brut Champagne N.V. Champagne, France (Bottle)",,American,Vegetarian
Lamb Sagg (Medium Tray),,Indian,Non-Vegetarian
Spicy Seafood Salad,"Shrimp, calamari and sliced fish cakes with tomatoes, onion in spicy lime dressing served with sliced lettuce.",Thai,Non-Vegetarian
D75. Bottle Water,,Thai,Vegetarian
Sriracha Fried Rice (No Meat),"If you love spicy food, our Sriracha Fried Rice is the perfect dish for you. Made with jasmine rice, mixed vegetables, and your choice of Meat. This dish is seasoned with a spicy Sriracha sauce.",Thai,Vegetarian
CHAYOTE XIK (Plant Based),chayote/mogo mogo plantain/tomato confit/xnipec,Mexican,Vegetarian
Charsi Chicken Karahi,"Chicken with black pepper, Stir-fried in a karahi pan, sprinkled with cilantro, green chili and ginger",American,Non-Vegetarian
Bayou Benedict,"Beer Battered Green Tomatoes, Lump Crab, Poached Eggs, Cajun Sundried Tomato Barnaise, English Muffin",Italian,Non-Vegetarian
RAVIOLES NOVECENTO,"Ham and cheese stuffed pasta, creamy pink & basil sauce",Italian,Non-Vegetarian
Seasonal Vegetable,,American,Vegetarian
Hum Tum,"Sunny-side-up eggs topped with different gravies and bold Indian spices, topped with sesame seed & cumin tadka",Indian,Vegetarian
Organic Mixed Greens,"Pine Nuts, Cherry Tomatoes, Champagne Vinaigrette",American,Vegetarian
Shrimp w. Lobster Sauce,"Lg., w. White Rice",Chinese,Non-Vegetarian
Mini Tiffin,"1 piece idli, 1 piece medu vada, mini dosa, pongal, dessert.",Indian,Vegetarian
Plain Mixed Vegetable,with Steam Rice,Chinese,Vegetarian
Beef a Cavalo,"Beef cut topped with two fried eggs. Served with rice, black beans, farofa & your choice of French fries or salad.",American,Non-Vegetarian
Thai Custard with Sweet Sticky Rice,,Thai,Vegetarian
Coke,Bottle.,Chinese,Vegetarian
Aperol Spritz,"Aperol aperitif, prosecc & orange slice",Italian,Vegetarian
2024 Peyrassol Le Croix Rose (Drinks),,Italian,Vegetarian
General Tso's Chicken (Dinner Combination),"Crispy chunks of chicken sauteed with steamed broccoli in a special tangy sauce, Served w. Pork Fried Rice & Egg Roll",Chinese,Non-Vegetarian
Tartar di Carne Piemontese,hand cut tartar of piemontese beef,Italian,Non-Vegetarian
Spicy String Beans,,Chinese,Vegetarian
Homemade Soup (Cup 8oz),Made fresh in our kitchen daily,American,Non-Vegetarian
Chicken Kabob Wrap,"Grilled chicken kabob with garlic sauce, tomatoes, lettuce, and pickles.",Mediterranean,Non-Vegetarian
Grilled Cheese (Kids),All served with French Fries and complimentary scoop of ice cream,American,Vegetarian
AMARO MONTENEGRO,,Italian,Vegetarian
GIOVANNI ROSSO Etna Bianco,Sicilia 9oz,Italian,Vegetarian
Beef with Cashew Nuts,House special. Stir-fried.,Chinese,Non-Vegetarian
GINGER LOVER - Beef,"A choice of Beef with black mushroom, straw mushroom, yellow onion, green onion, bell pepper and ginger strips in house sauce.",Thai,Non-Vegetarian
Garlic Naan,,Indian,Vegetarian
Moo Goo Gai Pan,"Sliced chicken with mushrooms, water chestnuts, bamboo shoots, snow peas, celery, carrots, and onions in white sauce. Served with white rice.",Chinese,Non-Vegetarian
Seared Scallops,"asparagus, pancetta, crispy shallot, sweet corn risotto, calabrian vinaigrette",Italian,Non-Vegetarian
Seasonal Steamed Veggies Gluten Free Vegan,Medley of seasonal vegetables.,Thai,Vegetarian
Hummus (Dinner),"Chickpeas, Tahini, EVOO (GF V)",Mediterranean,Vegetarian
Creamed Spinach,,American,Vegetarian
Draft Beer Peroni,,Italian,Vegetarian
Any Other Beef or Shrimp Dish,Party Tray,Chinese,Non-Vegetarian
Chitarra,"pecorino, black pepper",Italian,Vegetarian
Cannelloni,"Pasta Stuffed with Ricotta, Ground Beef, and Spinach, Topped with Marinara.",Italian,Non-Vegetarian
Scaldis Triple,Belgium Tripel 10.5% ABV (11.2 oz),American,Vegetarian
SHRIMP ENCHILADA,guacamole & pico de gallo,Mexican,Non-Vegetarian
House Fried Rice (Qt.),,Chinese,Vegetarian
Pizza Peperoni 12',"Passata Tomato Sauce Mozzarella Cheese, & Peperoni",Mediterranean,Non-Vegetarian
Aloo Gobi Masala,"Potatoes and cauliflower florets delicately sauteed with pepper, peas & spices",Indian,Vegetarian
BW CHICKEN & SAUSAGE GUMBO (Happy Hour Cup),made from scratch,American,Non-Vegetarian
Meat Pie,,Mediterranean,Non-Vegetarian
Cashew Chicken,,Chinese,Non-Vegetarian
Lamb Shish Kabob,Entrees,American,Non-Vegetarian
Kashmiri Naan,"Sweetened soft naan stuffed with nuts, coconut and cherries.",Indian,Vegetarian
Lamb Boti Kabob,Cubes of boneless lamb leg,Indian,Non-Vegetarian
Pad Thai (Duck),"Stir-fried small rice noodles with shrimps, dried shrimps, tofu, egg, crushed peanuts, chives and bean sprouts.",Thai,Non-Vegetarian
ALEBRIJE OYSTERS*,Six oysters topped with a parmesan melted chese with chipotle butter with lemon zest and scallops.,Mexican,Non-Vegetarian
Shrimp Fry Biryani,"Juicy, spiced shrimp fried to perfection and layered with fragrant basmati rice, enriched with bold flavors. Served with raita for a savory seafood delight.",Indian,Non-Vegetarian
Sausage Stromboli,"Classic pizza rolls with a house made crust, pork sausage, tomato sauce and lots of melty mozzarella!",Italian,Non-Vegetarian
SINGLE TAMALE MOLE,(CONTAINS NUTS),Mexican,Vegetarian
Hefeweizen,,Indian,Vegetarian
Chipotle,,Mexican,Vegetarian
Wok tossed hakka noodle family pack,"Traditional hakka-style stir-fried noodles with choice of meat or veggies. (green chili, manchuria, or sichuan). Family pack is served with appetizer and dessert.",Chinese,Vegetarian
Chicken Salad,"Diced chicken on lettuce, tomatoes, onions, topped with our house dressing.",Mediterranean,Non-Vegetarian
Strawberry & Pistachio,"Pistachio Whipped Cream, Mint",Mediterranean,Vegetarian
Greek Salad with Chicken,,Mediterranean,Non-Vegetarian
Baingan Masala,Baby eggplant seasoned with Sesame/herbs/spices cooked in onion tomato sauce,Indian,Vegetarian
Ginger Cranberry Punch,Cock'n Bull w/ cranberry juice and mint garnish.,American,Vegetarian
Paneer Tikka,,Indian,Vegetarian
"2019 Grenache, Whitcraft Winery My Friend Petes Vineyard, Ballard Canyon (Bottle)",,American,Vegetarian
marinated olives,"chili, citrus, fennel pollen",Italian,Vegetarian
S16. Double Delicacy in Garlic Sauce,"Mixed vegetables, chicken, shrimp in garlic sauce",Chinese,Non-Vegetarian
Fried Wonton,Deep fried wonton wrapped with ground chicken served with sweet & sour sauce.,Thai,Non-Vegetarian
HOMEMADE RICE PUDDING,(280 cal),Mediterranean,Vegetarian
100% All-Beef Hot Dog (Kupuna Brunch),Served with skin-on fries. Add 99 for BCD chili. Includes a fresh garden salad & fresh brewed iced tea or fountain drink.,American,Non-Vegetarian
Biryani Rice Chicken,"Your choice of protein, blended with long grain basmati rice, dried fruits & nuts, steam-cooked in a rich saffron flavor.",Indian,Non-Vegetarian
FIG-PEANUT ENERGY BAR,,Italian,Vegetarian
Cumin Beef (Takeout),,Chinese,Non-Vegetarian
Fried Rice Party Tray Special,,Chinese,Vegetarian
Chinese Pork Sausage Fried Rice,"Fried rice with Chinese pork sausage, peas, carrots, green onions and eggs",Thai,Non-Vegetarian
DOUBLE ESPRESSO,,Mediterranean,Vegetarian
Mango Lassi,A creamy and refreshing yogurt-based drink blended with sweet mango pulp.,Indian,Vegetarian
Chicken Manchuria,,Indian,Non-Vegetarian
Add Fried Egg,,Thai,Vegetarian
Kung Pao Pork,,Chinese,Non-Vegetarian
EGGPLANT BHAJI,Slices of eggplant dipped in chickpea butter and fried. Served with mango chutney.,Indian,Vegetarian
Grilled Chicken Breast (Children Only),With steamed veggies,Italian,Non-Vegetarian
Sarma,"Homemade grape leaves stuffed with aromatic rice and herbs, served with a side of haydari(V)",Mediterranean,Vegetarian
ROASTED BRUSSEL SPROUTS,"Roasted Brussels sprouts, craisins, garlic, spicy maple pepitas and topped with blue cheese and bacon.",American,Non-Vegetarian
Sweet & Sour Shrimp,"Served with rice. Deep fried shrimp, green pepper, onion & carrots w/ sweet & sour sauce.",Chinese,Non-Vegetarian
Prawn Quesadilla,With cheese and salsa.,Mexican,Non-Vegetarian
Italian Salad,,Italian,Vegetarian
Rama spinach curry with roasted peanut (No Meat),A mild golden peanut curry sauce in coconut milk served on steamed young spinach and bean sprouts GF,Thai,Vegetarian
"Chianti Classico, Borgo Scopeto, Tuscany",Terzo,Italian,Vegetarian
Fried Tofu (6),,Chinese,Vegetarian
Italian Sausage & Provolone Sandwich,,Italian,Non-Vegetarian
Charred Hanger Steak,"Prime 8oz Hanger Steak, Herb + Garlic Butter Crust, Red Wine Sauce (GF), Served with Garlic Plus Parmesan Pommes Frites or House Salad",American,Non-Vegetarian
Meat Lover Omelette,Bacon | Ham | Sausages,Mediterranean,Non-Vegetarian
Maple French Toast,"WHIPPED CREAM, SEASONAL FRUIT V",American,Vegetarian
Bread Basket,Assortment of Naan and Kulcha,Indian,Vegetarian
"Torta Ham, egg, cheese",,Mexican,Non-Vegetarian
Aloo Gobi,Fresh cauliflower & sauteed potatoes cooked dry with spices & tomato.,Indian,Vegetarian
Shrimp w. Lobster Sauce (Sm.),Served with White Rice,Chinese,Non-Vegetarian
Braised Pork Sandwich,"Slow cooked pork in soy sauces & Chinese five spice, caramelized onions, pickled mustard green, cilantro, romaine lettuce, spicy green chili sauce.",Thai,Non-Vegetarian
100 Mongolian Beef,with White Rice,Chinese,Non-Vegetarian
"Green Curry Shrimp, Beef, Squid or Fish Filet","Slightly sweet green chili based curry w/ bamboo shoots & eggplant, peas, & carrots",Thai,Non-Vegetarian
MACCHIATO,,Italian,Vegetarian
Fried Rice with Preserved Vegetable,With egg.,Chinese,Vegetarian
Coconut Noodle Soup (Tofu),"Spicy coconut lemongrass soup with thin rice noodles, mushrooms, tomatoes, cilantro and green onions.",Thai,Vegetarian
Paratha,indian flatbread made of whle wheat flour,Indian,Vegetarian
Beef with Garlic Sauce,,Chinese,Non-Vegetarian
Kufta Plate Tomato,"Mix of ground beef and ground lamb, onion, parsley, and spices. Topped with sliced onion, sliced green chili and tomato sauce. and a side of plane yogurt and freshly baked pita bread.",Mediterranean,Non-Vegetarian
Vegetable Delight (Combo Sp.),A flavorful blend of sauted vegetables. Includes 1 egg roll and chicken fried rice.,Chinese,Non-Vegetarian
Veggie Ranchero,Our Ranchero sauce w/extra potatoes. Served w/rice and 2 tortillas.,Mexican,Vegetarian
81c. Shredded Pork Sauteed w. Bamboo Shoots,Served w. White Rice,Chinese,Non-Vegetarian
Koobideh,,Mediterranean,Non-Vegetarian
Lamb Chilly Masala,Boneless lamb cooked to perfection with green chili and blend of homemade spices,Indian,Non-Vegetarian
Pork Bone Soup-Original Beef Brisket Rice Noodles,"Served with: Pickled Cabbage, Chives, Quail Egg, Goji Berries, Wood Ear fungus, White Ear Fungus, Meat Paste, Ham, Tofu Puff, Corn and Lettuce",Chinese,Non-Vegetarian
MIMOSA,,Italian,Vegetarian
Chardonnay bottle,"Straw yellow with greenish hues, this Italian Chardonnay offers fresh notes of citrus, hay, and sage. Its bright acidity is balanced by minerality and elegant structure.",Italian,Vegetarian
Pad Thai,,Thai,Vegetarian
KOFTE KEBAB,"Charcoal grilled minced lamb small patties with parsley, red onions & spices Served with Pita, Rice, Salad & Tzatziki Sauce",Mediterranean,Non-Vegetarian
Chili Roasted Cauliflower,"pea tendrils, davinia tomatoes, purple cauliflower puree, lemon quinoa, chive piston",American,Vegetarian
APPETIZER TRIO,"chile con queso, guacamole and spicy bean dip",Mexican,Vegetarian
ZAATAR SPICED LAMB,Lamb rack / Preserved lemon yogurt / Harissa carrot / Baby fennel / Marjoram oil / Zaatar lamb demi,American,Non-Vegetarian
Navratan Korma,Assortment of vegetables prepared in creamy curry,Indian,Vegetarian
Chardonnay (Btl),,Thai,Vegetarian
Panang Curry (Chicken or Pork),"kaffir lime leaves, pea-carrot, bell pepper and sweet basil with coconut milk.",Thai,Non-Vegetarian
Pasta alfredo,Homemaid alfredo sauce.,Mediterranean,Vegetarian
Gai Tod Kinlen Set,,Thai,Non-Vegetarian
Rabbit Hole Dareringer,,Indian,Non-Vegetarian
Lamb with Green Onions,,Chinese,Non-Vegetarian
Pear & Prosciutto,"Red wine poached Bosc pears, prosciutto, mixed greens, gorgonzola vinaigrette.",Italian,Non-Vegetarian
Garlic Fried Rice Pork,"Minced garlic, yellow and green onion, cilantro and egg. (VG/GF)",Thai,Non-Vegetarian
Ube Rice Krispy Treat,,Mediterranean,Vegetarian
Baked Brie,"Apricot compote, roasted pepitas, roasted garlic, sage, toast",American,Vegetarian
Shrimp Cocktail (Dinner/Lunch Classic),"poached in old bay & citrus, house cocktail sauce, lemon",American,Non-Vegetarian
SCALLOP STIR FRY WITH SHITAKE MUSHROOM & SNOW PEAS,"Plump, tender scallops stir-fried with earthy shitake mushrooms and crisp snow peas-a light yet indulgent seafood treat.",Thai,Non-Vegetarian
Crabmeat Fried Rice (Add Beef),,Thai,Non-Vegetarian
Meat Pie,"Ground beef marinated with yogurt, tahini, pomegranate molasses, onions, and spices",Mediterranean,Non-Vegetarian
Any Paneer Dish 1 Lb,,Indian,Vegetarian
"Nebbiolo Langhe, Marchesi di Barolo 'Sbirolo', Piedmont (Glass)",,Italian,Vegetarian
Beans Full (Catering),,Mexican,Vegetarian
Ragda Patties,,Indian,Vegetarian
TONNO E CIPOLLA Pizza,"San Marzano tomato sauce, fior di latte mozzarella, tuna, red onion",Italian,Non-Vegetarian
RAVIOLI QUATTRO FORMAGGIO,"Ricotta, pecorino, parmesan and mozzarella cheeses, Pomodoro sauce or Gorgonzola cream with toasted walnuts",Italian,Vegetarian
PAD THAI (Roasted Duck),"A choice of protein, stir-fried with rice noodle, egg, bean sprout and green onion in soy-tamarind sauce.",Thai,Non-Vegetarian
Hot & Sour Soup (Qt.),,Chinese,Vegetarian
Churros,"dulce de leche, cinnamon sugar, dulce cream",Mexican,Vegetarian
Shrimp Tempura (6pcs),"A Japanese-inspired dish featuring succulent shrimps coated in a light, crispy batter and deep-fried until golden. Served with ginger soy sauce.",Thai,Non-Vegetarian
Zataar Spiced Fries,,Mediterranean,Vegetarian
SHRIMP SMOTHERED FRIES,French fries smothered in green chile.,Mexican,Non-Vegetarian
Spicy Beef in Spicy Broth,,Chinese,Non-Vegetarian
Menthe Pastille,,Mexican,Vegetarian
Pork Fried Rice,Crispy fried rice mixed with tender pork and scrambled eggs.,Chinese,Non-Vegetarian
WEST COAST OYSTERS,"half dozen, classic cocktail, dolin mignonette",American,Non-Vegetarian
Modern Love,"Strawberry, peach, lemon, lavender simple syrup, sparkling water.",American,Vegetarian
PIZZA MARGHERITA,"V | San Marzano Tomatoes, Italian Mozzarella, Basil",American,Vegetarian
Chicken Masala (GF),,Indian,Non-Vegetarian
"Spicy Pat Ped (Chicken, Beef or Pork)","Sauted in our sizzling wok flavored w/chili, garlic, onions, bell peppers, bamboo shoots, mushrooms, long beans & fresh basils.",Thai,Non-Vegetarian
Sesame Chicken (spicy),"A spicy twist on a classic favorite. Crispy chicken bites tossed in a bold, spicy sesame sauce, sprinkled with toasted sesame seeds.",Chinese,Non-Vegetarian
Shrimp Pad Thai,,Chinese,Non-Vegetarian
don julio 1942,Tequila,Mexican,Vegetarian
Cashew Nuts Over Rice,"Cashew nuts, bell peppers, white onion and onion stir-fried with our homemade sweet chili sauce. Gluten Free. (Can be made vegan/vegetarian).",Thai,Vegetarian
CARNITAS,pork confit green salsa pico,Mexican,Non-Vegetarian
ORANGE SORBET,"house-made (vg, gf)",Mediterranean,Vegetarian
summer BRATWURST,"housemade with ground pork; french country potato salad, pickled mustard seeds, herbs",American,Non-Vegetarian
Moules Frites,"garlic, cherry peppers, white wine, parsley, french fries",American,Vegetarian
Soda (Diet Coke),,Thai,Vegetarian
House Salad (Small),"Romaine Lettuce, Red Onions, Fresh Tomatoes Croutons, Black Olives, and Top with Mozzarella Cheese.",Italian,Vegetarian
Chicken Ghee Roast,,Indian,Non-Vegetarian
Mediterranean Salmon Salad,"Fresh grilled filet of marinated salmon over mixed greens, tomatoes, peppers, cucumbers, onions, feta cheese, kalamata olives, and walnuts with house-made dressing - GF",Mediterranean,Non-Vegetarian
Chicken Shish Kebab,"All natural grilled chicken breast chunks, rice & house salad",Mediterranean,Non-Vegetarian
Panang Neua,"Slow braised bone in Short Rib in a Panang curry, Thai long beans. Grilled broccolini, bell pepper, onion, and fried basil. Blue rice",Thai,Non-Vegetarian
Pad Broccoli (Dinner),"Broccoli, Carrots and Brown Sauce",Thai,Vegetarian
GINGER CHICKEN,"Sauted Chicken with Ginger, Mushrooms, Onions & Mushrooms in Oyster Sauce",Thai,Non-Vegetarian
Amarone Begali Lorenzo,"DOCG, Veneto, Italy 750 ml",Italian,Vegetarian
E Rajma Aloo,"Kidney Beans Cooked with Potatoes, Herbs & Spices",Indian,Vegetarian
Wlfer Estate Summer In A Bottle (Glass),"Long Island, NY, 2024",Mediterranean,Vegetarian
Chicken Fried Rice,,Chinese,Non-Vegetarian
Buddhas Garden,"Sweet potato katsu, oshinko and sliced shiitake topped with unagi sauce.",Thai,Vegetarian
nikka coffey malt Japanese Whisky,,Mediterranean,Vegetarian
Enchiladas,"V GF | green enchilada sauce, queso fresco, crema, salsa roja | chicken tinga",Mexican,Vegetarian
Tom yum Cup Chicken,Hot and Sour lemongrass soup with mushroom and tomato cilantro green onion,Thai,Non-Vegetarian
Vegetarian Chicken Malai Kebab ROTI,"Tandoori Chicken breast marinated in ginger, green chilies, and coriander.",Indian,Non-Vegetarian
Partida Elegante Extra Aejo Tequila,Extra Aejo Tequila.,Mexican,Vegetarian
Payolli Chicken,"chicken wings, roasted cashews, southern spices, curry leaves, cilantro",Indian,Non-Vegetarian
russian standard platinum Vodka,,Mediterranean,Vegetarian
Kerwee Ambassador (7 Oz.),"australian wagyu, roasted tomato demi, duck fat pommes paillasson",Italian,Non-Vegetarian
Pasta with Meatballs,,Mediterranean,Non-Vegetarian
5 Rolled Tacos,"Shredded beef or chicken with guacamole, lettuce, tomato, cheese. Includes rice and beans",Mexican,Non-Vegetarian
Harley Grayhound,"Titos vodka, Aperol, agave, fresh lime juice with fresh grapefruit juice",American,Vegetarian
Lotus Root on Rice,Lotus roots served with various assorted meats.,Chinese,Vegetarian
Fish Fry,,Indian,Non-Vegetarian
Allagash White,,American,Vegetarian
Enchiladas del Mar,"Two enchiladas stuffed with chunks of real crabmeat, topped with creamy sauce and pico de gallo. Served with Mexican rice and salad.",Mexican,Non-Vegetarian
"Kuay-tieo Haeng (Chicken, Beef, Pork, Tofu Or Vegetable)","steam rice noodle with bean sprout, green onion, coriander and ground peanut in light brown sauce",Thai,Vegetarian
Patrn Gran Burdeos Extra Aejo Tequila,Extra Aejo Tequila.,Mexican,Vegetarian
Kung Pao Shrimp,Served 5-6 people.,Chinese,Non-Vegetarian
birria (add to Queso Fundido),,Mexican,Non-Vegetarian
Baklava Two,,Mediterranean,Vegetarian
Gobi Manchuria,Cauliflower deep fried and sauteed with spicy sauce.,Indian,Vegetarian
volcán ultra premium XA Tequila,Bottle Service,Mediterranean,Vegetarian
Kids Spaghetti,,Mediterranean,Vegetarian
Vege Pork in Sesame Pita Bread (3pcs),,Chinese,Non-Vegetarian
Soft Scramble,"three eggs scrambled with fresh herbs, cheese with toast & roasted potatoes or insalata mista (Brunch Menu Uova etc.)",Italian,Vegetarian
THAI FRIED RICE (SEAFOOD OR FISH),"Rice fried with egg, onion, tomato, green onions and Thai spices. Topped with cilantro and served with slices of cucumber.",Thai,Non-Vegetarian
Fish Pakauda (8),"Boneless Fish Mixed In Chickpea Flour, Deep Fried In Hot Oil.",Indian,Non-Vegetarian
Strawberry Boba,,Thai,Vegetarian
MEATBALL PARMIGIANA,"Housemade meatballs, pomodoro, mozzarella",Italian,Non-Vegetarian
FLAUTAS,"Shredded chicken or beef brisket, rolled and fried in fresh crispy corn tortillas. Topped with guacamole and sour cream. Served with rice and refried beans.",Mexican,Non-Vegetarian
Edamame - GF,Steamed edamame,Thai,Vegetarian
Four Roses Bourbon,,Italian,Vegetarian
Pueblo Viejo Tequila Reposado (8 oz),,Mexican,Vegetarian
"Il Borro Pian Di Nova Syrah, Sangiovesse Toscana 2019 - Italy",bottle,Mediterranean,Vegetarian
BOTTOMLESS BOOZY BRUNCH,"Available Saturday & Sunday, 2 hour time slot. Includes All You Can Drink: BEER TIME (Founders All Day IPA, White Oak Ale, PBR Tall Boy), MIMOSA TIME (Grapefruit Blood Orange Raspberry Mint), HAIR OF THE DOG (Bloody Mary, Screwdriver)",American,Vegetarian
Ahi Tuna Tartare,"Harissa Aioli, Espelette Pepper, Chive, Avocado, Lime",Mediterranean,Non-Vegetarian
Catering Chopped Salad 18 Platter,Serves 14-20,Italian,Vegetarian
KALAKI,,Indian,Vegetarian
churros,"dulce de leche, cinnamon sugar",Mexican,Vegetarian
Guntur Dosa,,Indian,Vegetarian
Cauliflower Steak (Entree),"Charred cauliflower steak, tomato almond sauce, chimichurri",American,Vegetarian
Yellow Curry,,Thai,Vegetarian
Nachos con Queso Blanco (add chicken tinga or short rib machaca),,Mexican,Vegetarian
Wonton Noodle Soup (Shrimp&Pork),,Chinese,Non-Vegetarian
4 Jack O Lantern Cakes,"Pumpkin pancakes with mixed berry jam, whipped cream topping, & candied pecans",American,Vegetarian
"Mongolian (Lunch, Chicken)","Green and yellow onions stir fried in brown Mongolian sauce. Served with your choice of egg drop soup/ hot and sour soup/wonton soup, steamed rice and an egg roll.",Chinese,Non-Vegetarian
Shrimp Egg Foo Young (Dinner),,Chinese,Non-Vegetarian
House Salad,"A mix of lettuce, tomato, onion, cucumber and our own dressing.",Mediterranean,Vegetarian
Madrasi Chicken,"Boneless chicken cooked with coconuts milk, onion curry leaves and home spices",Indian,Non-Vegetarian
CHORIZO & CORN GUACAMOLE,"Mexican Chorizo, Street Corn, Queso Cotija",Mexican,Non-Vegetarian
Ham and Cheese Mana'ish,"Cheese, topped with sliced premium ham.",Mediterranean,Non-Vegetarian
Tortillas (flour or corn),,Mexican,Vegetarian
FRESH GUACAMOLE,"Prepared just the way you like it -- with fresh avocados, spicy serrano chiles and a special blend of herbs and spices.",Mexican,Vegetarian
Espresso,,Italian,Vegetarian
56. Beef w. Broccoli,,Chinese,Non-Vegetarian
MOCHA,espresso + chocolate + mint,Mexican,Vegetarian
Samosa Chat,"Base of samosas with chickpeas topped with tamarind sauce, mint sauce and yogurt",Indian,Vegetarian
Pork Lo Mein Tray,,Chinese,Non-Vegetarian
Margarita,,American,Vegetarian
Sodas,,Mediterranean,Vegetarian
VEGETABLE MAKHANI,A variety of fresh vegetables cooked in fresh tomato sauce,Indian,Vegetarian
La petite Ferme Ros,(Ros),Mediterranean,Vegetarian
Shrimp Fried Rice,,Thai,Non-Vegetarian
BEEF TOSTADA (Large),,Mexican,Non-Vegetarian
Burnt Garlic Fried Rice Mixed,Burnt Garlic Fried Rice is a flavorful stir-fried rice dish infused with crispy burnt garlic and aromatic spices.,Indian,Vegetarian
Scaloppine di Vitello Piccata,Tenderized veal minute slices with capers and parsley in a white wine lemon sauce.,Italian,Non-Vegetarian
Affogato Sundae,"sipping chocolate, salted whipped cream, maraschino cherries, toasted almonds",Italian,Vegetarian
Fajita Quesadilla,"A giant grilled flour tortilla loaded with melted Monterey Jack cheese and your choice of tender grilled chicken, juicy steak, or a mouthwatering combo. Stuffed with sauted bell peppers and onions, then served with creamy guacamole and cool sour cream on the side. A bold, cheesy twist on classic fajitascrispy, savory, and made to satisfy.",Mexican,Non-Vegetarian
Chicken with Ginger & Scallion (Half),,Chinese,Non-Vegetarian
Crispy Taco,"Crispy taco shell filled with your choice of meat, lettuce, sour cream, cheese, and salsa.",Mexican,Non-Vegetarian
Thai House Salad (Classic),"Baby greens, tomatoes, and cucumbers. Served with creamy ginger dressing and peanut dressing.",Thai,Vegetarian
CHILAQUILES,"crispy corn tortillas with choice of salsa verde or ranchero sauce. Topped with eggs any style, cotija, pico de gallo & served with frijoles pintos.",Mexican,Vegetarian
Egg Fried Rice,,Chinese,Vegetarian
H3. Orange Chicken,,Chinese,Non-Vegetarian
HUSSAR Tequila,(2 oz pour),Mexican,Vegetarian
Corn Beef Reuben,"Slow braised corn beef grilled with sauerkraut, served on toasted swirl rye bread, and topped with Swiss cheese and Thousand Island dressing.",American,Non-Vegetarian
Tacos de Salmon,"Salmon, Mango, onions, cilantro, apple vinegar.",Mexican,Non-Vegetarian
Taboullah,"Parsley, Tomatoes, Cucumbers, Cracked Wheat",Mediterranean,Vegetarian
Upma,,Indian,Vegetarian
GARLIC PEPPER (Chicken),"Sauted choice of meat with Broccoli, garlic, black pepper and Thai sauce.",Thai,Non-Vegetarian
GENERAL TOBY'S CHICKEN,"Crispy chicken breast, bell pepers, and onions; tossed in a basil sweet and sour sauce",Thai,Non-Vegetarian
SAAG CHICKEN Dinner,"Boneless Chicken pieces cooked in spices, herbs & spinach sauce.",Indian,Non-Vegetarian
Faroe Island Salmon,"Pesto tossed corn, avocado, shishito peppers and heirloom cherry tomatoes, lemon butter, crispy capers.",American,Non-Vegetarian
Hummus,"Pured chickpeas, tahini, lemon juice",Mediterranean,Vegetarian
Garlic Oysters ( 3pc ),,Chinese,Non-Vegetarian
Pastitsio,"The Greek lasagna! Oven-baked layers of thick macaroni, spiced ground meat, and a hearty topping of creamy bchamel - rustic, rich, and straight from the village kitchen. Available on Fridays only.",Mediterranean,Non-Vegetarian
Fried Raviolis (Happy Hour Food),,Italian,Vegetarian
Ewa Sweet Corn Fritto (6P),"Sweet Corn Bchamel, Truffle Pt, Mac Nut (Bar Menu)",American,Vegetarian
Fusilli Boscaiola,"Homemade fusilli tossed with asparagus, mushrooms & onions in creamy tomato sauce",Italian,Vegetarian
Chicken Sekuwa,"Boneless chicken pieces marinated in Nepalese spices & herbs, cooked in clay oven with charcoal.",Indian,Non-Vegetarian
ARAK LE BRUN Lebanon Glass,,Mediterranean,Vegetarian
Mac and Cheese (v),,American,Vegetarian
Bloody Mary,"QI Bloody Mix, Lemon, Olive",Italian,Vegetarian
CAESAR SALAD*,"preserved lemon, crouton, anchovy",Italian,Non-Vegetarian
Chicken Samosa (2),"Turnover stuffed with minced chicken, cooked potatoes and peas.",Indian,Non-Vegetarian
LAMB ROGAN JOSH,Tender lamb braised in a Kashmiri-style curry with yogurt and spices. Gluten Free,Indian,Non-Vegetarian
Egg Masala,,Indian,Vegetarian
Tom Kah Fish Bowl,"Spicy coconut flavored soup with mushrooms, tomatoes, chili and lemongrass",Thai,Non-Vegetarian
400 Conejos Espadn,,Mexican,Vegetarian
"Dumol, Syrah '19",Russian River,American,Vegetarian
ROMAN CHOP (1/2),"Chopped romaine, grilled chicken breast, bacon, peppadew peppers, grape tomatoes, roasted beets, black olives, pistachios and bleu cheese crumbles tossed in our balsamic vinaigrette and ranch dressing.",American,Non-Vegetarian
Falafel 7' Pita,"A vegetarian favorite, a delicious blend of ground garbanzo beans, vegetables and spices deep fried and served with tahini sauce.",Mediterranean,Vegetarian
TANQUERAY,,Indian,Vegetarian
"Thai Fried Rice (Pork, Chicken, or Tofu)","Black Sauce, Tomato, Onion",Thai,Vegetarian
Carrot Cake,,Chinese,Vegetarian
ENCHILADA RANCHERAS - CHEESE,Melted jack cheese with ranchera sauce served with refriedbeans and rice.,Mexican,Vegetarian
PRIME RIBEYE STEAK AND EGGS,10 oz with brunch potatoes or cheddar grits and choice of toast or buttermilk biscuit and two eggs any style,American,Non-Vegetarian
FASOOLYA,V VE GF,Mediterranean,Vegetarian
Carnitas Quesadilla,,Mexican,Non-Vegetarian
CHEESE PLATE,,Italian,Vegetarian
Glass - White,,Mediterranean,Vegetarian
36-Hour Pork Ribs,"jalapeo, molasses, fries",American,Non-Vegetarian
Warm Apple Cider,"Caramel, Vanilla or Pumpkin",American,Vegetarian
Thai Style Papaya Salad,"Shredded green papaya and carrots with diced tomatoes mixed in a fresh lime, fish sauce dressing, and peanuts dressing. Served with slice of cabbage. Spice level: No Spice (0*), Mild (1*), Medium (2*), Spicy (3*), Very spicy (4*), ZAAP spicy (5*)",Thai,Non-Vegetarian
Hainan chicken rice plate,"GF Hainan flavored rice, bone-in free-range chicken, broccoli, ginger dipping sauce, chicken serve cold, warm per request",Chinese,Non-Vegetarian
Ginger Zinger,"Lemon, Ginger, Honey, Calabrian Chili",Italian,Vegetarian
BBQ Baby Back Ribs,"Coleslaw, French Fries",American,Non-Vegetarian
Triple Delight Pan Fried Noodle,,Chinese,Vegetarian
Beef Kebab,"Two skewers, ground beef mixed with lamb seasoned with onions and spices",Mediterranean,Non-Vegetarian
Add Avocado,to Salads,American,Vegetarian
Cucumber Yogurt 8oz,,Mediterranean,Vegetarian
Huevos con chorizo,,Mexican,Non-Vegetarian
Chicken Tikka Masala,grilled chicken breast in a delicious creamy tomato sauce,Indian,Non-Vegetarian
Moms Ricotta Meatballs & Spaghetti with imported pomodorina sauce,"house-made beef, veal, pork & ricotta meatballs, romano, spaghetti with imported pomodorina sauce",Italian,Non-Vegetarian
Angora White,- (Glass),Mediterranean,Vegetarian
chocolate vanilla gteau magique,,American,Vegetarian
House Rosemary Bread VGN,"homemade with rosemary, garlic, italian spices, extra virgin olive oil served w/ whipped butter (449 CAL)",Mediterranean,Vegetarian
*Daily Fish,"Spring vegetable rag, sweet pea pure, and lemon oil",American,Non-Vegetarian
2018 Faury St Joseph Blanc (Bottle),"Northern Rhone, France",Chinese,Vegetarian
SCALLOP CRUDO,"passion fruit aguachile, kumquat, asian pear, thai basil",American,Non-Vegetarian
Jowar Bhakri (1 Pc),Gluten-free unleavened flatbread (roti) made with sorghum flour,Indian,Vegetarian
1. Pork Egg Roll,,Chinese,Non-Vegetarian
Nacho Party Tray,"Corn tortilla chips piled high with refried beans, cheese, lettuce, tomatoes, onions, jalapeos, green olives, avocado and sour cream.",Mexican,Vegetarian
BABY BOK CHOY CHICKEN,"Chicken, Baby Bok Choy sauted in garlic house sauce.",Thai,Non-Vegetarian
House Blend Burger,"Lettuce, Tomato, Sharp Cheddar, Pickle, Russian Dressing, Fries",American,Non-Vegetarian
Two Cheese Enchiladas,,Mexican,Vegetarian
Chinese Chicken Salad,"shaved vegetables, mango, cashew, wontons, peanut dressing",American,Non-Vegetarian
Carpaccio di Manzo* with Truffle Oil,,Italian,Non-Vegetarian
Pongal Vada Combo,1 piece medu vada & pongal,Indian,Vegetarian
STREET CORN,"Roasted Corn, mayo, queso fresco, and chilito",Mexican,Vegetarian
Lemon Chicken,"Crispy fried chicken, lightly coated with flour and deep fried to a golden crisp and tossed in a tangy lemon sauce.",Chinese,Non-Vegetarian
Pappardelle Don Pino,Truffle cream | mushroom,Italian,Vegetarian
"Vegetariana (Veggie Pizza) 30""","Mushrooms, green peppers, onions, black olives",Italian,Vegetarian
FRIES Side,,Italian,Vegetarian
Bacon Cheddar Burger*,Smoked bacon & Cheddar cheese,American,Non-Vegetarian
Chicken Pot Stickers,The unique cooking method of grilling and steaming these delicate appetizers help punctuate the flavorful filling of freshly ground chicken and Chinese vegetables,Chinese,Non-Vegetarian
Chianti Sangervasio 2023 15cl,Red,Mediterranean,Vegetarian
Pad Woon Sen Seafood,"Sauteed bean thread noodles, egg, onion, tomato, Chinese celery and ear mushrooms.",Thai,Non-Vegetarian
Popcorn Shrimp (6),Crispy Shrimp Mix With Spicy Mayo,Thai,Non-Vegetarian
Sizzling Cha Cha Cha,"Boiled shrimp, scallops, squid, and mussel stir fried with young green Thai peppercorns, bell peppers, basil leaves, finger root, and eggplants on a sizzling hot plate served with steamed rice",Thai,Non-Vegetarian
Shrimp Papaya Salad,,Chinese,Non-Vegetarian
Lemon Drop (Dessert Cocktail),"st george citrus, cointreau, lemon",American,Vegetarian
Botnico Zero,"Ritual gin alternative, Seedlip Garden 108, Fever Tree elderflower tonic, fresh herbs & citrus",American,Vegetarian
Chicken Shawarma Pizza,"Tender chicken shawarma on a crispy pizza crust, topped with fresh tomatoes, onions, and olives.",Mediterranean,Non-Vegetarian
som moo Naam Salad (cured pork) (GF),"Marinated rice with coconut flakes tossed with scallions, cilantro, lime leaves, and chill; topped with crush peanuts served with lettuce to wrap.",Thai,Non-Vegetarian
THAI BEEF JERKY,fried marinated beef thai style. served with Sriracha sauce.,Thai,Non-Vegetarian
Veg. Chow Mei Fun (S.),Rice Noodles (S.),Chinese,Vegetarian
"Daou Pessimist Red Blend, California",Domestic Red Wine by the Bottle,Italian,Vegetarian
House Wine (Bottle),"CK Mondavi, Chardonnay, Merlot, White Zinfandel",Thai,Vegetarian
"Cabernet Franc, Chardonnay Domaine de la Chanteleuserie, Fines Bulles, Loire Valley, France, NV",,Mediterranean,Vegetarian
Taro empanadas,,Thai,Vegetarian
Chicken Shish Kebab Wrap,"Tender cubes of marinated chicken skewers, grilled with a blend of spices. Served on lavash bread with lettuce, tomatoes, cucumbers, onions and tahini sauce.",Mediterranean,Non-Vegetarian
Beef Salad (Yum Nuah),"Sliced grill rib eye steak mixed with lime juice, chili, cilantro, cucumber, red onions, tomatoes, green lettuce, and mint leaves.",Thai,Non-Vegetarian
Langosta Estilo Rosarito,"Deep fried whole lobster garnished with refried black beans, white rice, salsa and hand-made corn tortillas",Mexican,Non-Vegetarian
Cheese Pav Bhaji,,Indian,Vegetarian
"CONTRATTO FERNET, PIEMONTE","BITTER, INTENSE, IMPACTFUL",Italian,Vegetarian
Diced Chicken w. Almond (Qt.),w. White Rice,Chinese,Non-Vegetarian
Clam Chowder (Lunch/Brunch),"geoduck, clams, bacon, celery, cream",American,Non-Vegetarian
Sweet & Sour Pork,,Chinese,Non-Vegetarian
Daal Soup,Seasoned lentil soup with delicate spices and herbs served with papadum.,Indian,Vegetarian
MICHTERS 10 YEAR,,American,Vegetarian
Babycorn 65,"Babycorn coated with batter, stir-fried with 65 sauce, ginger-garlic, yogurt, lime and curry leaves",Indian,Vegetarian
Zero Proof Swirls,Aqui Agua Fresca swirled with a frozen citrus non-alcoholic margarita.,Mexican,Vegetarian
Veggie Burrito,Filled with roasted vegetables served with the works.,Mexican,Vegetarian
10' gluten-free cheese pizza,"8 slices, starts with all-natural flour for our dough (absolutely no bleach or bromates), california sun-ripened tomatoes and herbs for our sauce, with the finest domestic and italian cheeses",Italian,Vegetarian
Tacos Chicharron,,Mexican,Non-Vegetarian
Loaded Nachos with Steak,"Corn Tortilla Chips, Black Beans, Pico de Gallo, Guacamole, Sour Cream, Jalapenos, American Cheese, Green Onions, Steak",American,Non-Vegetarian
TEA Small,,Indian,Vegetarian
The Fish 10' Wraps,A Filet of tilapia grilled to perfection marinated in our own special seasonings and topped with tzatziki sauce.,Mediterranean,Non-Vegetarian
Stracciatella Soup (Dinner),"Spinach, eggs, chicken broth, cheese agnolotti, and parmigiano cheese.",Italian,Non-Vegetarian
Pizza Quattro Formaggi (16'),"Fresh Mozzarella, Parmigiana, ricotta, fontanina cheese and fresh aromatic oregano.",Italian,Vegetarian
Kids Quesadilla,Corn tortillas filled with melted cheese.,Mexican,Vegetarian
2 ITEM COMBO,AII combos served with Rice & Naan,Indian,Vegetarian
Soy Garlic Chicken Wings (6 pcs),Fried chicken Wings coated with sweet and garlicky glaze.,Chinese,Non-Vegetarian
Black Beans,,Mexican,Vegetarian
'Bamma Gari' Rasam,"A soup of all spices with Tamarind base and all other spices like Turmeric, chilli pepper, Garlic and many more.",Indian,Vegetarian
Sticky Toffee Cake,"salted caramel sauce, whipped sour cream, candied orange zest",Italian,Vegetarian
Lamb Kurry,,Indian,Non-Vegetarian
COMBO 14 (Steak),"One taco, one chile relleno and one chalupa.",Mexican,Non-Vegetarian
D11. Beef with Broccoli,,Chinese,Non-Vegetarian
Dinner Mole Tamale,,Mexican,Vegetarian
Quattro Stagioni,"San Marzano Tomato, Mozzarella, Italian Ham, Bacon, Mushrooms, Calabrian Pepperoni",Italian,Non-Vegetarian
Chili Naan,White flour bread baked in clay oven with green chilies on top,Indian,Vegetarian
Rose Spritz,"Rose, Lemon Juice, Bubbles",Italian,Vegetarian
Grilled Quail (Appetizer),"(4 Pc) Bacon-wrapped, jalapeos, Jack cheese, roasted red pepper butter.",Mexican,Non-Vegetarian
Chicken 65,,Mexican,Non-Vegetarian
Shan Fried Shrimp w. Shrimp Fried Rice & Broccoli,FS3.,Chinese,Non-Vegetarian
Chicken Cream Chops,,Mediterranean,Non-Vegetarian
Smokey Manhattan,"Zacapa 23 rum, Del maguey Vida mezcal, Amaro Averna, Punt e Mes, Cocchi di Torino Vermouth, dry Curaao, chocolate bitters",Mediterranean,Vegetarian
Yellow Curry (Beef or Shrimp or Crispy Chicken),"Onion,tomato,carrots,red pepper,yellow squash,snow pea,pineapple.",Thai,Non-Vegetarian
Shrimp Enchiladas,"(2) Two Flour Tortillas Filled with Jumbo Shrimp Fajita. Topped with Ranchero Sauce. Served with Rice, Beans & a Side Salad of Lettuce, Tomatoes & Guacamole.",Mexican,Non-Vegetarian
Hummus Topped with Lamb Shawarma Lunch,Served with rice or fries and soup or regular house salad. Upgrade the salad $1 extra.,Mediterranean,Non-Vegetarian
Tung Ting Shrimp,,Chinese,Non-Vegetarian
WHOLE CHICKEN GRILLED ON CHARCOAL,WHOLE CHICKEN SEASONED OVERNIGHT AND GRILLED SLOWLY ON CHARCOAL SERVED WITH SAJ BREAD AND FRIES,Mediterranean,Non-Vegetarian
GRILLED VEGGIES,"New Marinated & Grilled Red Bell Peppers, Zucchini, and Yellow Squash here for a limited-time only.",Mediterranean,Vegetarian
Fried Wonton (8),,Chinese,Vegetarian
Poppi Raspberry Rose,-,Mediterranean,Vegetarian
Lunch Chicken Mixed Veg,Served w.hibachi rice egg roll,Chinese,Non-Vegetarian
Shrimp with Garlic Sauce,Served with Roast Pork Fried Rice & Egg Roll,Chinese,Non-Vegetarian
Art History Bauhaus German Pils (draft),"5.0 ABV / Geneva, IL",American,Vegetarian
Shrimp Fajitas,"Served sizzling on a skillet with mushrooms, onions, tomatoes, green and red bell peppers. Rice, beans, guacamole and sour cream on the side.",Mexican,Non-Vegetarian
CRISPY SHRIMP BAO BUNS,"sticky sauce, gochujang aioli, umami bomb, scallion",American,Non-Vegetarian
Saag Curries with Fish,Spinach is used as a gravy in many curries since it is the main green vegetable in Indian cooking. We prepare these dishes by slightly grinding spinach and cooking with fresh ground and whole spices,Indian,Non-Vegetarian
Nonna's Lasagna,"Bolognese bechamel, parmigiano reggiano.",Italian,Non-Vegetarian
EXTRA CALAMARI,,Thai,Non-Vegetarian
French Onion Soup,,American,Vegetarian
Standard Hudson North dry cider,"dry cider, fresh apple, lemon zest, crisp, 5.0%",American,Vegetarian
Athletic IPA NA (Craft Can Beer),,Mexican,Vegetarian
Spaghetti w/ Meatballs,Pasta w/ Meatballs,Italian,Non-Vegetarian
Beef with Black Pepper,,Chinese,Non-Vegetarian
CIOPPINO,mussels | clams | calamari | prawns | fish fillet | tomato sauce | crostini,Italian,Non-Vegetarian
Pollo al Mole,"Braised chicken over mole poblano, served with rice, frijol refrito and fresh corn tortillas",Mexican,Non-Vegetarian
BABY BACK RIBS (Full),Sweet and tangy BBQ sauce. your choice of two sides.,American,Non-Vegetarian
White Mezcal Negroni,"agua mgica 'capon' mezcal, avze, cocchi, quinquina",Italian,Vegetarian
"Casa Magoni, 2021 Valle de Guadalupe Merlot, Mexico (Glass)",,Mexican,Vegetarian
L5. Cashew Chicken,"Tender slices of chicken, broccoli, baby corn, carrots, scallions & cashews",Thai,Non-Vegetarian
Chef's Naan Basket,"Mixture of plain naan, garlic naan & Cheese naan.",Indian,Vegetarian
Shepherds Pie,"Pat LaFrieda ground beef, carrots, celery, onions, peas, savory gravy, crispy mashed potato",American,Non-Vegetarian
FISH GOAN CURRY,"Fish fillet cooked with coconut milk, onions, and aromatic herbs Goa style.",Indian,Non-Vegetarian
Pad See Lew,"Wide rice noodles stir fried w/chicken, broccoli, carrot, egg",Thai,Non-Vegetarian
Seasonal Ceviche* (Catering Appetizer),chips and salsa,Mexican,Vegetarian
Chef's Special Gazab Ki Galoti,"Unleash a burst of royal flavors with Gazab Ki Galoti?a culinary masterpiece featuring succulent minced meat patties, delicately spiced and",Indian,Non-Vegetarian
"Enchiladas Chicken, Tofu or Paneer",Three enchiladas over tikka masala or verde sauce served with gucamole & basmati rice.,Indian,Vegetarian
Methi Chaman,A delicious Indian dish of fresh pureed methi and cooked with few spices,Chinese,Vegetarian
Kebab (2),No description.,Mediterranean,Non-Vegetarian
Broccolini,"calabrese peppers, almond gremolata",Italian,Vegetarian
Veggie Croissant,"Avocado, stracciatella & sesame seeds.",Italian,Vegetarian
toast,,Italian,Vegetarian
RED BULL,Original Sugar Free Blueberry Watermelon Tropical,Mediterranean,Vegetarian
BRANZINO,"Mediterranean sea bass, oven-roasted cauliflower, beet hummus, pine nuts, cilantro",Italian,Non-Vegetarian
Avgolemono Soup Bowl,"A traditional chicken, lemon, and rice soup",Mediterranean,Non-Vegetarian
EGGS BENEDICT Smoked Salmon,"poached eggs, hollandaise sauce, breakfast potatoes, mixed greens",American,Non-Vegetarian
Kids Orange Chicken,Includes cream cheese wonton (1) and ham fried rice,Chinese,Non-Vegetarian
FAJITA OMELETTE (Chicken),BELL PEPPERS | ONIONS | CHIHUAHUA CHEESE | PICO DE GALLO | GUACAMOLE | CILANTRO | SOUR CREAM | SIDE OF HAND-CUT FRIES,Mexican,Non-Vegetarian
Ocean Pearl,"Malibu Rum, Blue Curacao, pineapple juice, and Colada mixed.",Thai,Vegetarian
Pad Prik King with Shrimp,"Stir-fried chopped long beans, bell pepper, onion, and Thai Basil in red curry paste.",Thai,Non-Vegetarian
French Fries,"Golden, crispy fries served with a dash of salt and crunch in every bite.",Indian,Vegetarian
CARNE ASADA,"marinated flat iron steak, charred corn & queso asadero bell peppers, caramelized onion, poblano pepita butter, sliced avocado, beans & rice",Mexican,Non-Vegetarian
La Tierra De Acre Mezcal,Espadn,Mexican,Vegetarian
Gin & Vodka Tonic,"Tonic water, flavors, Gin or Vodka",Mediterranean,Vegetarian
Curry Shrimp,Tender shrimp in a rich and aromatic curry sauce.,Chinese,Non-Vegetarian
Vegetarian Thali,"A Thali is a way of serving Indian meal with well-balanced dishes that include rice, dal, vegetables, flat bread, raita, mixed pickle, papadam and sweet dish",Indian,Vegetarian
7pc Samosa Sampler,"A house sampler plate of our special regular (veg) samosas, spinach-cheese samosas, lamb (keema) samosas and ashta-mosa (sweet) Served with mint & tamarind chutney",Indian,Non-Vegetarian
"2023 Pinot Noir, Violet Hill, Santa Barbara",,Italian,Vegetarian
Chinese Yam w/ fresh blueberry sauce,,Chinese,Vegetarian
Potato Salad,,American,Vegetarian
TIN LIZZYS CLASSIC MARGARITA,"blanco tequila, agavero, citrus mix",Mexican,Vegetarian
SOMETHING WITH VODKA,"vodka, lychee, cucumber, citrus",American,Vegetarian
Basil Fried Rice Beef/Shrimp (Dinner),"Jasmine rice stir-fried with basil leaves, egg, onion, bell peppers, carrots. Cucumbers and tomato slices on the side",Thai,Non-Vegetarian
Kung Pao Shrimp,,Chinese,Non-Vegetarian
Paccheri alla Puttanesca,"tomatoes, kalamata olives, capers, red onion tomato sauce",Mediterranean,Vegetarian
Mexican Caesar,"Romaine lettuce tossed in Caesar dressing, topped with roasted corn, pepitas, queso fresco, pico de gallo, avocados & chicken fajita.",Mexican,Non-Vegetarian
The Union Park,"three farm eggs, spicy spanish chorizo, cotija cheese, fresno chilies & corn salsa, smoky home fries & iggys 7 grain toast",American,Non-Vegetarian
Chili Paneer,"Stir fried sauteed in onions, bell peppers, and seasoned spices.",Indian,Vegetarian
ADD PROTEIN seared salmon,,Italian,Non-Vegetarian
Resposados/Rested (Gran Centenario),"Aged a minimum of two months and up to eleven months. These tequilas have a mellow taste and gold color, somewhat smooth and not too harsh.",Mexican,Vegetarian
Small Wedge Salad,,American,Vegetarian
SALMONE RIPIENO,"Filet of fresh Atlantic salmon stuffed with scallops, crab meat and spinach in a curry sauce.",Italian,Non-Vegetarian
TL01. Khao Pad (Fried Rice),"Thai style fried rice with choice of meat, onion, garlic, green onion, carrot, egg, and tomato",Thai,Non-Vegetarian
