dish_name,description,cuisine,diet
Carnitas Quesadilla,,Mexican,Non-Vegetarian
Stir Beef in Red Curry,Spicy. served with steamed rice.,Chinese,Non-Vegetarian
Modern Love,"Strawberry, peach, lemon, lavender simple syrup, sparkling water.",American,Vegetarian
Scaldis Triple,Belgium Tripel 10.5% ABV (11.2 oz),American,Vegetarian
BOTTOMLESS BOOZY BRUNCH,"Available Saturday & Sunday, 2 hour time slot. Includes All You Can Drink: BEER TIME (Founders All Day IPA, White Oak Ale, PBR Tall Boy), MIMOSA TIME (Grapefruit Blood Orange Raspberry Mint), HAIR OF THE DOG (Bloody Mary, Screwdriver)",American,Vegetarian
Vegetable Soup,Lentil based vegetable soup,Indian,Vegetarian
Spaghetti w/ Meatballs,Pasta w/ Meatballs,Italian,Non-Vegetarian
Panna Water (Small),16 oz. bottle,Mediterranean,Vegetarian
General Tso's Shrimp,Batter Fried - Crispy shrimp sauted in a tingling spicy sauce with broccoli.,Chinese,Non-Vegetarian
Mediterranean Light Pasta,"Fresh spinach, capers, olives, onions, plum tomatoes, EVOO & angel hair pasta. VEG | V. Served with your choice of soup.",Mediterranean,Vegetarian
Cumin Beef (Takeout),,Chinese,Non-Vegetarian
Diet Coke,,Mediterranean,Vegetarian
Art History Bauhaus German Pils (draft),"5.0 ABV / Geneva, IL",American,Vegetarian
Orange Chicken,Served with white rice,Chinese,Non-Vegetarian
ADD PROTEIN seared salmon,,Italian,Non-Vegetarian
2021 J. Lohr Merlot (Half Bottle),"Red color with raspberry, fruit aromas of plum and pomegranate, Paso Robles",Italian,Vegetarian
Dubai Chocolate,,Mediterranean,Vegetarian
Pappardelle Don Pino,Truffle cream | mushroom,Italian,Vegetarian
Babycorn 65,"Babycorn coated with batter, stir-fried with 65 sauce, ginger-garlic, yogurt, lime and curry leaves",Indian,Vegetarian
TOM KHA PUCK (Vegetables) small,"Assorted vegetables simmered in coconut milk broth with lime juice, lemongrass, galanga, and cilantro. (mild)",Thai,Vegetarian
Garganelli,"Italian Sausage, Broccoli Rabe, Piquillo Pepper Relish, Pecorino Romano, Fennel Breadcrumb (large portion)",Mediterranean,Non-Vegetarian
Queso Fundido,"Melted Jack cheese with chorizo, green onions, and tomatoes served with warm tortillas.",Mexican,Non-Vegetarian
Quesadilla (Kids Menu),"servido con arroz, frijoles o papas fritas. Incluye bebida",Mexican,Vegetarian
2018 Faury St Joseph Blanc (Bottle),"Northern Rhone, France",Chinese,Vegetarian
Osborne 'Manzanilla' (Dolce),Jerez,Italian,Vegetarian
Lamb with Green Onions,,Chinese,Non-Vegetarian
Fish Fry,,Indian,Non-Vegetarian
DOUBLE ESPRESSO,,Mediterranean,Vegetarian
Saag Curries with Fish,Spinach is used as a gravy in many curries since it is the main green vegetable in Indian cooking. We prepare these dishes by slightly grinding spinach and cooking with fresh ground and whole spices,Indian,Non-Vegetarian
Lunch Chicken Mixed Veg,Served w.hibachi rice egg roll,Chinese,Non-Vegetarian
Bacon Cheddar Burger*,Smoked bacon & Cheddar cheese,American,Non-Vegetarian
Mixed Shawarma Plate,with your choice of Two Sides,Mediterranean,Vegetarian
GENERAL TOBY'S CHICKEN,"Crispy chicken breast, bell pepers, and onions; tossed in a basil sweet and sour sauce",Thai,Non-Vegetarian
Chilly Nan,Leavened flour bread with fresh green chillies,Indian,Vegetarian
The Corner Mix Tempura,Fried battered shrimps and calamari mix with our delicious vegetable tempura. Served with sweet sesame sauce.,Thai,Non-Vegetarian
Meat Lover Omelette,Bacon | Ham | Sausages,Mediterranean,Non-Vegetarian
Hunan Chicken and Beef (Qt.),W.White Rice,Chinese,Non-Vegetarian
Lamb Kurry,,Indian,Non-Vegetarian
Loaded Nachos with Steak,"Corn Tortilla Chips, Black Beans, Pico de Gallo, Guacamole, Sour Cream, Jalapenos, American Cheese, Green Onions, Steak",American,Non-Vegetarian
Shrimp Fajitas,"Served sizzling on a skillet with mushrooms, onions, tomatoes, green and red bell peppers. Rice, beans, guacamole and sour cream on the side.",Mexican,Non-Vegetarian
Gourmet Topping,Mild Cheddar:,American,Vegetarian
"Watermelon, Cucumber, and Feta Salad",Mint,American,Vegetarian
TABBOULEH,"Traditional Mediterranean Lebanese salad w/a mixture of minced fresh parsley, fresh mint, tomato, onion, crushed bulgur wheat, lemon juice and olive oil",Mediterranean,Vegetarian
Potato Salad,,American,Vegetarian
"Crunchy Cashew (Dinner, Beef)","Roasted cashew nuts, water chestnuts, green peas and carrots stir fried in brown sauce. Served with steamed rice.",Chinese,Non-Vegetarian
Soy Garlic Chicken Wings (6 pcs),Fried chicken Wings coated with sweet and garlicky glaze.,Chinese,Non-Vegetarian
Navratan Korma,Assortment of vegetables prepared in creamy curry,Indian,Vegetarian
Pizza Peperoni 12',"Passata Tomato Sauce Mozzarella Cheese, & Peperoni",Mediterranean,Non-Vegetarian
Chimichanga De Mariscos,"Flour tortilla filled with a seafood medley then deep-fried until golden brown and topped with cream sauce and melted cheese, served with rice and beans.",Mexican,Non-Vegetarian
SIDE OF FALAFEL,,Mediterranean,Vegetarian
Beef Salad (Yum Nuah),"Sliced grill rib eye steak mixed with lime juice, chili, cilantro, cucumber, red onions, tomatoes, green lettuce, and mint leaves.",Thai,Non-Vegetarian
Smoke & Mirrors,"Elegant | Stirred | Smoked Inspiration: Old Fashioned Alfred Giraud Hritage French whisky, WhistlePig 12 yr, demerara, black walnut bitters (Tableside Experience)",Mediterranean,Vegetarian
Goat Biryani,"Tender pieces of goat cooked in Basmati rice, cashew nuts, golden raisins & exotic spices.",Indian,Non-Vegetarian
Cabernet Sauvignon Cade Howell Mountain '21,Napa Valley,American,Vegetarian
Szechuan Beef (Dinner Special),,Chinese,Non-Vegetarian
Stone Arch Bloody,"Gray Duck vodka, House Bloody mix, chicken wing and cheese curd garnish",American,Non-Vegetarian
Grilled Quail (Appetizer),"(4 Pc) Bacon-wrapped, jalapeos, Jack cheese, roasted red pepper butter.",Mexican,Non-Vegetarian
SpongeBob Jellyfish Jelly Burger,"1/2lb Patty, Jellyfish Jelly (Housemade Blueberry Jelly), Pepperjack Cheese, Bacon, Jalapeo on a Brioche Bun!",American,Non-Vegetarian
Fresh vegetables basket,,Thai,Vegetarian
Thai Steamed Mussels (GF),"Steamed mussels,Thai herb, sweet basil in lemongrass broth.",Thai,Non-Vegetarian
HUSSAR Tequila,(2 oz pour),Mexican,Vegetarian
Chicken Couscous,"Served with vegetables, chickpeas, caramelized onions & raisins",Mediterranean,Non-Vegetarian
STREET CORN,"Roasted Corn, mayo, queso fresco, and chilito",Mexican,Vegetarian
SHRIMP SMOTHERED FRIES,French fries smothered in green chile.,Mexican,Non-Vegetarian
Affogato Sundae,"sipping chocolate, salted whipped cream, maraschino cherries, toasted almonds",Italian,Vegetarian
Crab in Pastry,Fresh Crab Meat Wrapped in Pastry,Indian,Non-Vegetarian
Pineapple Curry Fish Grouper Filet,"Golden fried Fish topped with bamboo shoot, sweet basil, pineapple, eggplant and bell peppers in red curry cream sauce",Thai,Non-Vegetarian
Beef Shawarma over Fries,"Sliced beef cutlets marinated and grilled, served over french fries topped with your choice of 3 sauces (Tahini, Garlic, Tzatziki, Ketchup, Hot Sauce, Rumaan Special Sauce)",Mediterranean,Non-Vegetarian
FRESHLY BAKED MUFFIN OF THE DAY,(460-590 Cal),American,Vegetarian
Turkey Club Sandwich,"Bacon, lettuce, tomato, mayonnaise, multi-grain bread",Italian,Non-Vegetarian
Pad Broccoli (Dinner),"Broccoli, Carrots and Brown Sauce",Thai,Vegetarian
Chianti Sangervasio 2023 15cl,Red,Mediterranean,Vegetarian
KALAKI,,Indian,Vegetarian
Charsi Chicken Karahi,"Chicken with black pepper, Stir-fried in a karahi pan, sprinkled with cilantro, green chili and ginger",American,Non-Vegetarian
POTATO SALAD (360 cal),GF,Mediterranean,Vegetarian
Clase Azul Añejo Tequila,,Mexican,Vegetarian
1. Pork Egg Roll,,Chinese,Non-Vegetarian
"Mongolian (Lunch, Chicken)","Green and yellow onions stir fried in brown Mongolian sauce. Served with your choice of egg drop soup/ hot and sour soup/wonton soup, steamed rice and an egg roll.",Chinese,Non-Vegetarian
SAAG CHICKEN Dinner,"Boneless Chicken pieces cooked in spices, herbs & spinach sauce.",Indian,Non-Vegetarian
DOS EQUIS LAGER ESPECIAL,,American,Vegetarian
"Fresh Salmon Lemon, Butter and Capers only",,Italian,Non-Vegetarian
Sweet & Sour Pork,,Chinese,Non-Vegetarian
TEA Small,,Indian,Vegetarian
Passion Fruit Mousse,"Organic Cream, Passion Fruit Juice, Passion Fruit Caviar",American,Vegetarian
5 Rolled Tacos,"Shredded beef or chicken with guacamole, lettuce, tomato, cheese. Includes rice and beans",Mexican,Non-Vegetarian
Italian Sausage Bruciati,Grilled with sweet bell peppers and onions,Italian,Non-Vegetarian
Shrimp w. Lobster Sauce,"Lg., w. White Rice",Chinese,Non-Vegetarian
Cajun Pasta chicken,"spaghetti, bell pepper, onion, garlic, tomato, cajun cream sauce, parmesan, parsley",American,Non-Vegetarian
Old Fashion,"Bourbon - orange essence, lightly sweet",Mediterranean,Vegetarian
Lemongrass Herbal Chicken,Fried battered marinated herbal chicken with broccoli & carrots in our signature sweet chili sauce.,Thai,Non-Vegetarian
Italian Fish Fry,Italian Fish Fry,Italian,Non-Vegetarian
Sweet & Sour Shrimp,"Served with rice. Deep fried shrimp, green pepper, onion & carrots w/ sweet & sour sauce.",Chinese,Non-Vegetarian
Soft Scramble,"three eggs scrambled with fresh herbs, cheese with toast & roasted potatoes or insalata mista (Brunch Menu Uova etc.)",Italian,Vegetarian
King Crab,full pound,American,Non-Vegetarian
CARNITAS,pork confit green salsa pico,Mexican,Non-Vegetarian
30 Chicken Wins,,Chinese,Non-Vegetarian
Fried Raviolis (Happy Hour Food),,Italian,Vegetarian
Chicken Shawarma Plate (dark meat) (2 sides),"served with rice, lebanese turnips, tahini & choice of sides",Mediterranean,Non-Vegetarian
Pueblo Viejo Tequila Reposado (8 oz),,Mexican,Vegetarian
Valpolicella Zenato (Bottle),(Veneto),Italian,Vegetarian
Baja Chopped Salad v,"avocado, spicy black bean, charred corn, pico de gallo, pineapple, queso fresco, cilantro ranch",American,Vegetarian
PANEER STUFFED NAAN (SERVED WITH RAITA),,Indian,Vegetarian
Chicken Fried Rice,,Chinese,Non-Vegetarian
Oysters on the Half Shell,"Half Dozen | Mignonette, horseradish, lemon",American,Non-Vegetarian
GARLIC PEPPER (Chicken),"Sauted choice of meat with Broccoli, garlic, black pepper and Thai sauce.",Thai,Non-Vegetarian
Ocean Pearl,"Malibu Rum, Blue Curacao, pineapple juice, and Colada mixed.",Thai,Vegetarian
Veggie Burrito,Filled with roasted vegetables served with the works.,Mexican,Vegetarian
"Red Curry (Lunch Special) Beef, Shrimp","Fresh red curry paste in coconut milk with zucchini, bamboo shoots, basil, and bell peppers",Thai,Non-Vegetarian
Dolma (6 Pieces),"Rolled Grape Leaves, filled with Rice, Tomatoes, Onions, Parsley.",Mediterranean,Vegetarian
Chili Paneer,"Stir fried sauteed in onions, bell peppers, and seasoned spices.",Indian,Vegetarian
mexican coke,,Mexican,Vegetarian
TONNO E CIPOLLA Pizza,"San Marzano tomato sauce, fior di latte mozzarella, tuna, red onion",Italian,Non-Vegetarian
Hibiscus Soda,"Pineapple, Hibiscus (Non-alcoholic)",Italian,Vegetarian
Pulled Beef Quesadillas,"Grilled flour tortilla filled with pulled beef, peppers, and onions. Served with rice and beans.",Mexican,Non-Vegetarian
birria (add to Queso Fundido),,Mexican,Non-Vegetarian
CHICKEN SHAWARMA WRAP,"Chicken Shawarma, Pickles, Garlic Sauce, Fries, and Pomegranate Molasses Wrapped",Mediterranean,Non-Vegetarian
Corn Egg Drop Soup,Light and flavorful soup made with silky strands of eggs in chicken broth.,Chinese,Non-Vegetarian
Falafel 7' Pita,"A vegetarian favorite, a delicious blend of ground garbanzo beans, vegetables and spices deep fried and served with tahini sauce.",Mediterranean,Vegetarian
CARNE ASADA,"marinated flat iron steak, charred corn & queso asadero bell peppers, caramelized onion, poblano pepita butter, sliced avocado, beans & rice",Mexican,Non-Vegetarian
Add Black Truffle to Any Meal (Lunch),,Mediterranean,Vegetarian
Kashmiri Naan,"Sweetened soft naan stuffed with nuts, coconut and cherries.",Indian,Vegetarian
soda can,"Pepsi, diet Pepsi, coke diet coke",Mediterranean,Vegetarian
Sesame Chicken,Battered dark meat chicken. scallions. chili.sesame seeds (tofu option),Thai,Non-Vegetarian
PICANHA ADOBADA,chimichurri,Mexican,Non-Vegetarian
Chicken Flauta Special,"Meat in deep fried flour tortilla, topped with guacamole, sour cream, and cheese. Includes rice and beans",Mexican,Non-Vegetarian
Guisado de Carne de Puerco,"Chunks of pork cooked in green sauce with onions and peppers. Served with rice, beans and tortillas.",Mexican,Non-Vegetarian
Simple Burrito,"Rice, beans, cheese, sour cream and guacamole.",Mexican,Vegetarian
Chardonnay Kistler Les Noisetiers '22,Sonoma Coast,American,Vegetarian
Fried Tofu (6),,Chinese,Vegetarian
PRIME RIBEYE STEAK AND EGGS,10 oz with brunch potatoes or cheddar grits and choice of toast or buttermilk biscuit and two eggs any style,American,Non-Vegetarian
Grilled Cheese (Kids),All served with French Fries and complimentary scoop of ice cream,American,Vegetarian
'Bamma Gari' Rasam,"A soup of all spices with Tamarind base and all other spices like Turmeric, chilli pepper, Garlic and many more.",Indian,Vegetarian
Tres Leches Slice,,Mexican,Vegetarian
ZAATAR SPICED LAMB,Lamb rack / Preserved lemon yogurt / Harissa carrot / Baby fennel / Marjoram oil / Zaatar lamb demi,American,Non-Vegetarian
"House Hummus (vg, g)","chickpeas, chili flakes, garlic, choice of flat bread, fresh veggies, or half & half",American,Vegetarian
"House Special Sweet & Sour Chicken, Pork & Shrimp",,Chinese,Non-Vegetarian
Beef w. Garilc Sauce (sm.),w. White Rice,Chinese,Non-Vegetarian
Hummus Topped with Lamb Shawarma Lunch,Served with rice or fries and soup or regular house salad. Upgrade the salad $1 extra.,Mediterranean,Non-Vegetarian
Beef Salad,,Thai,Non-Vegetarian
Chicken Samosa (2),"Turnover stuffed with minced chicken, cooked potatoes and peas.",Indian,Non-Vegetarian
Vegetable Samosa (2 pcs),Crispy patties stuffed with potatoes.,Indian,Vegetarian
GREEK SALAD,"Made fresh daily, served with crackers and your choice of dressings",Mediterranean,Vegetarian
LONGHORN PLATE,"Grilled Steak, Truffle Brown Rice, & Grilled Veggies",Mediterranean,Non-Vegetarian
ESPRESSO,,Italian,Vegetarian
Thai Braised Beef Noodle Soup,"braised beef, beef balls, Asian green, celery, green onions, bean sprouts, fried garlic, cilantro in aromatic broth",Thai,Non-Vegetarian
MEXICAN MULE,"blanco tequila, ginger beer, pineapple, fresh lime & mint",Mexican,Vegetarian
MICHTERS 10 YEAR,,American,Vegetarian
Creamed Spinach,,American,Vegetarian
POORMAN NOODLE - Chicken,"A choice of Chicken, stir-fried with egg noodle, egg, baby corn, broccoli, carrot and mushroom in house sauce.",Thai,Non-Vegetarian
Soft Drinks,,Indian,Vegetarian
Fried Wonton (8),,Chinese,Vegetarian
Consome,Goat broth,Mexican,Non-Vegetarian
Bhindi Masala,"Sliced deep fried okra mixed with onion, tomatoes and aromatic species. Served with white rice.",Indian,Vegetarian
Prawn Quesadilla,With cheese and salsa.,Mexican,Non-Vegetarian
FISH GOAN CURRY,"Fish fillet cooked with coconut milk, onions, and aromatic herbs Goa style.",Indian,Non-Vegetarian
D6. Sticky Rice With Banana,Sweet sticky rice and banana wrapped and steamed inside banana leaves.,Thai,Vegetarian
Combo Pan Fried Noodle,,Chinese,Vegetarian
Carpaccio di Manzo* with Truffle Oil,,Italian,Non-Vegetarian
Enchiladas,"V GF | green enchilada sauce, queso fresco, crema, salsa roja | chicken tinga",Mexican,Non-Vegetarian
Bayou Benedict,"Beer Battered Green Tomatoes, Lump Crab, Poached Eggs, Cajun Sundried Tomato Barnaise, English Muffin",Italian,Non-Vegetarian
E Rajma Aloo,"Kidney Beans Cooked with Potatoes, Herbs & Spices",Indian,Vegetarian
House Special Soft Spicy Dry Beef,,Chinese,Non-Vegetarian
Party Size - Red Curry with Jasmine Rice,"This rich curry features red chili paste, simmered with coconut milk, Kaffir lime leaves, basil, bamboo shoots and bell peppers. Served with Jasmine Rice (GF)",Thai,Vegetarian
Mix Veg Kulcha,,Indian,Vegetarian
Pepper Chicken with Onions,Served with Roast Pork Fried Rice & Egg Roll,Chinese,Non-Vegetarian
Black Pepper Chicken,Diced chicken stir-fried with house black pepper sauce and basil.,Thai,Non-Vegetarian
Sweet and Salt Soda,Carbonated soft drink made little sweet and little salt,Indian,Vegetarian
"Chianti Classico, Carmine's-Rocca della Macie, Italy Quartino",,Italian,Vegetarian
SPICY GRILLED SALMON,Grilled Atlantis Salmon fillet topped with Thai chili pepper sauce.,Thai,Non-Vegetarian
Sausage Stromboli,"Classic pizza rolls with a house made crust, pork sausage, tomato sauce and lots of melty mozzarella!",Italian,Non-Vegetarian
Regular Flour Quesadilla (Cheese) (V),,Mexican,Vegetarian
Basil Sauce Lunch Special,"Sauteed with Basil, chili, onions, string beans, carrots and bell peppers. Choice of: Vegetable, Tofu, Chicken (base $12.95), Pork, Beef, Shrimp, Squid (Pork/Beef/Shrimp are $13.95). Includes one choice of appetizer.",Thai,Vegetarian
summer BRATWURST,"housemade with ground pork; french country potato salad, pickled mustard seeds, herbs",American,Non-Vegetarian
Paccheri alla Puttanesca,"tomatoes, kalamata olives, capers, red onion tomato sauce",Mediterranean,Vegetarian
White Claw Mango Seltzer,,Mexican,Vegetarian
Madrasi Chicken,"Boneless chicken cooked with coconuts milk, onion curry leaves and home spices",Indian,Non-Vegetarian
Japanese Udon Noodle (Shrimp),,Chinese,Non-Vegetarian
Chicken Ghee Roast,,Indian,Non-Vegetarian
Sarma,"Homemade grape leaves stuffed with aromatic rice and herbs, served with a side of haydari(V)",Mediterranean,Vegetarian
Rama spinach curry with roasted peanut (No Meat),A mild golden peanut curry sauce in coconut milk served on steamed young spinach and bean sprouts GF,Thai,Vegetarian
"The Fableist, 2023, Paso Robles (Bottle)",,Mediterranean,Vegetarian
chocolate vanilla gteau magique,,American,Vegetarian
CHILAQUILES,"crispy corn tortillas with choice of salsa verde or ranchero sauce. Topped with eggs any style, cotija, pico de gallo & served with frijoles pintos.",Mexican,Vegetarian
Fajita Quesadilla,"A giant grilled flour tortilla loaded with melted Monterey Jack cheese and your choice of tender grilled chicken, juicy steak, or a mouthwatering combo. Stuffed with sauted bell peppers and onions, then served with creamy guacamole and cool sour cream on the side. A bold, cheesy twist on classic fajitascrispy, savory, and made to satisfy.",Mexican,Non-Vegetarian
"Casa Magoni, 2021 Valle de Guadalupe Merlot, Mexico (Glass)",,Mexican,Vegetarian
Hot Plate Asada,,Mexican,Non-Vegetarian
Beyond Burger,"Beyond beef meat, seasoning, arugula, marinated tomatoes, house-made vegan cheese sauce, and brioche bun (contains nuts).",American,Vegetarian
Lo Mein Noodle,"select choice of meat, egg noodle, house sauce, cabbage, carrot, onion, broccoli, and green onion.",Thai,Non-Vegetarian
Big Noise,,Mexican,Vegetarian
Three Tacos del Mar Fish,"Served on a double corn tortilla, topped with cabbage, pico de gallo and homemade cucumber sauce. Served with rice and black beans.",Mexican,Non-Vegetarian
Sprite,,Italian,Vegetarian
Breakfast of The House,"Nacho chips smothered in green or red sauce, fried beans, bacon, 1 sunny-side-up egg and 1 mollete. (Served with rice, beans & fresh Mexican cheese)",Mexican,Non-Vegetarian
Any Other Beef or Shrimp Dish,Party Tray,Chinese,Non-Vegetarian
Onion Uttapam,,Indian,Vegetarian
Pork Fried Rice,Crispy fried rice mixed with tender pork and scrambled eggs.,Chinese,Non-Vegetarian
Basil Fried Rice Beef/Shrimp (Dinner),"Jasmine rice stir-fried with basil leaves, egg, onion, bell peppers, carrots. Cucumbers and tomato slices on the side",Thai,Non-Vegetarian
Pizza Quattro Formaggi (16'),"Fresh Mozzarella, Parmigiana, ricotta, fontanina cheese and fresh aromatic oregano.",Italian,Vegetarian
"Chianti Classico, Borgo Scopeto, Tuscany",Terzo,Italian,Vegetarian
French Onion Soup,,American,Vegetarian
GIOVANNI ROSSO Etna Bianco,Sicilia 9oz,Italian,Vegetarian
WHOLE CHICKEN GRILLED ON CHARCOAL,WHOLE CHICKEN SEASONED OVERNIGHT AND GRILLED SLOWLY ON CHARCOAL SERVED WITH SAJ BREAD AND FRIES,Mediterranean,Non-Vegetarian
Chow-Mein VEG,"Chow Mein is a stir-fried Chinese noodle dish with vegetables, meat, and sauce.",Indian,Non-Vegetarian
STEAK RANCHERO*,"Choice steak stuffed with green chiles and spices, covered with mushrooms and our own queso sauce. Served with rice, beans and flour tortillas.",Mexican,Non-Vegetarian
400 Conejos Espadn,,Mexican,Vegetarian
Nacho Party Tray,"Corn tortilla chips piled high with refried beans, cheese, lettuce, tomatoes, onions, jalapeos, green olives, avocado and sour cream.",Mexican,Vegetarian
Jumbo Burrito,"Really big burrito filled with Mexican rice, refried beans or black beans, and your choice of ground beef or shredded chicken. Topped with shredded cheese and burrito sauce, lettuce and sour cream.",Mexican,Non-Vegetarian
Chili Naan,White flour bread baked in clay oven with green chilies on top,Indian,Vegetarian
nEREllo MaScalESE Agape Valdibella,"Sicily Cherries, strawberries, Sicilian herbs and spice.",Mediterranean,Vegetarian
Scaloppine di Vitello Piccata,Tenderized veal minute slices with capers and parsley in a white wine lemon sauce.,Italian,Non-Vegetarian
nikka coffey malt Japanese Whisky,,Mediterranean,Vegetarian
Edamame - Soy Bean Peas,Soy Bean Peas,Chinese,Vegetarian
Ghee Kaaram Benne Dosa,"A tantalizing South Indian dosa infused with aromatic ghee and topped with a spicy chili paste, house special paste.",Indian,Vegetarian
PARMIGIANA,"Chicken or veal, fresh mozzarella, marinara, served with spaghetti",Italian,Non-Vegetarian
Paneer Tikka Masala Quesadilla,"Paneer tikka masala, mozzarella cheese, and cilantro.",Mexican,Vegetarian
Moules Frites,"garlic, cherry peppers, white wine, parsley, french fries",American,Vegetarian
Aloo Paratha,Pratha bread stuffed with mildly spiced potatoes,Indian,Vegetarian
SUMMER ROLLS (SHRIMP),"Fresh rolls made with lettuce, cucumbers, carrots, bean sprouts, and rice noodles wrapped in rice paper. Served with sweet and sour sauce. (4pcs)",Thai,Non-Vegetarian
Lamb Chilly Masala,Boneless lamb cooked to perfection with green chili and blend of homemade spices,Indian,Non-Vegetarian
Hummus & Pita,Freshly made hummus served with 2 sliced pita bread.,Mediterranean,Vegetarian
Tortellini Alfredo,Can add chicken,Italian,Vegetarian
Pollo al Mole,"Braised chicken over mole poblano, served with rice, frijol refrito and fresh corn tortillas",Mexican,Non-Vegetarian
Onion Kulcha,A light flat bread stuffed with onion and spices and cooked in a lay oven,Indian,Vegetarian
Chipotle,,Mexican,Vegetarian
Macho Nachos,"Guac, pico, sour cream, jalapeno, beans, cheese",American,Vegetarian
Farmer Dean Machine,"roasted broccoli, cauliflower, smoky bacon, caesar, shaved parmesan",American,Non-Vegetarian
Grape Leaves Pita Roll-Up,"Pita rolled up with Grape Leaves, Hummus, Lettuce, Tomato, Pickles, and Tahini Sauce",Mediterranean,Vegetarian
The Union Park,"three farm eggs, spicy spanish chorizo, cotija cheese, fresno chilies & corn salsa, smoky home fries & iggys 7 grain toast",American,Non-Vegetarian
POORI,Whole wheat thin bread.,Indian,Vegetarian
pineapple curry,"Pineapple, bell peppers, and fresh Thai basil in a red curry with coconut milk.",Thai,Vegetarian
Summer Special,"Carne Molida Enchilada, Crispy Taco, Chicken Tinga Chalupa",Mexican,Non-Vegetarian
CHICKEN & WAFFLE SLIDERS,"Two chicken and waffle sliders, served with warm maple syrup, seasonal fruit sauce, side of fruit",American,Non-Vegetarian
Salmon Blackened,Cajun spice rubbed Alaskan salmon,Italian,Non-Vegetarian
FRIED BANANA,"BANANA AND COCONUT RICE WRAP WITH SPRING ROLLS PASTRY SERVED WITH HONEY, CHOCOLATE AND VANILLA ICE CREAM",Thai,Vegetarian
"Non Alcoholic Sparkling Ros Libby, California (Glass)",,Italian,Vegetarian
Paratha,indian flatbread made of whle wheat flour,Indian,Vegetarian
Brownie Sundae,,Italian,Vegetarian
Zero Proof Swirls,Aqui Agua Fresca swirled with a frozen citrus non-alcoholic margarita.,Mexican,Vegetarian
FLECHA MARGARITA (Taco Tuesday),,Mexican,Vegetarian
Shrimp with Garlic Sauce,Served with Roast Pork Fried Rice & Egg Roll,Chinese,Non-Vegetarian
CESARE,"Our version with romaine, kale, and homemade toasted breadcrumbs.",Italian,Vegetarian
Plain Naan,"Teardrop-shaped, leavened bread baked in a tandoor oven",Indian,Vegetarian
Cheese Pav Bhaji,,Indian,Vegetarian
Chicken Lo Mein,Served w. Pork Fried Rice or White Rice (Lunch Special),Chinese,Non-Vegetarian
Chicken Stir Fry Salad,"Romaine, marinated chicken, broccoli, water chestnuts, pea pods, red peppers, red onions, mushrooms, and roasted cashews, in teriyaki sauce. Topped with fried noodles. (540 cal)",American,Non-Vegetarian
14. B.B.Q Spare Ribs (4),,Chinese,Non-Vegetarian
Seafood Soup,Shrimp and crab in lightly spiced lentil puree.,Indian,Non-Vegetarian
"Sparkling Wine Brut or Ros (Glass, Happy Hour)",,Italian,Vegetarian
Pineapple Fried Rice,"Exotic fried rice with yellow curry powder, egg yellow & green onions, carrots, tomatoes pineapples, raisins, and cashews.",Thai,Vegetarian
Tom Kha,"Rich soup with coconut milk, galangal, lemon grass, lime leaves, tomatoes, mushrooms, shallots, and fresh cilantro with your choice of protein.",Thai,Vegetarian
Rice Noodle Soup Shrimp,"A truly original noodle soup served in a bowl with bean sprouts and green onion. Topped with garlic oil, black pepper, and fresh cilantro.",Thai,Non-Vegetarian
Moo Goo Gai Pan,"Sliced chicken with mushrooms, water chestnuts, bamboo shoots, snow peas, celery, carrots, and onions in white sauce. Served with white rice.",Chinese,Non-Vegetarian
Add Shrimp (to Mesclun Salad),,Italian,Vegetarian
Mapo Tofu,,Chinese,Vegetarian
TACOS DE CALLO Y CAMARON,Bay scallops / Shrimp / Jicama tortilla,Mexican,Non-Vegetarian
Calabacitas,"Roasted chilies poblanos, onion, corn cheese.",Mexican,Vegetarian
Mini Tiffin,"1 piece idli, 1 piece medu vada, mini dosa, pongal, dessert.",Indian,Vegetarian
Don Julio 1942,,Mediterranean,Vegetarian
CAMARON (Taco),Grilled shrimp / Lettuce / Poblano pesto / Avocado / Pickled radish,Mexican,Non-Vegetarian
FRESH GUACAMOLE,"Prepared just the way you like it -- with fresh avocados, spicy serrano chiles and a special blend of herbs and spices.",Mexican,Vegetarian
Lunch Tacos al Carbon,"Two soft corn tortillas dipped in our special sauce, grilled to perfection, filled with sirloin steak or grilled chicken, onion, tomatoes and fresh cilantro. Topped with house guacamole and cotija cheese. Acoompanied spanish with rice and beans.",Mexican,Non-Vegetarian
Crab Nachos (Half),"Lump Crab, House Cheese Blend, Black Beans, Roasted Corn, Corn Tortilla Chips, Red Onion and Bell Pepper, Pico de Gallo, Sour Cream, Guacamole, Pickled Jalapeno",Mexican,Non-Vegetarian
Carrot cake,,American,Vegetarian
"Cabernet Blend, LA FERME ROUGE La Petite Ferme Rouge 2018 (Glass)",(Morocco),Mediterranean,Vegetarian
NAKED SHRIMP,Raw shrimps topped with garlic and spicy lime juice; served on a bed of sliced cabbage.,Thai,Non-Vegetarian
Italian Sausage & Provolone Sandwich,,Italian,Non-Vegetarian
SESAME CHICKEN,Served with chocie of rice or substitute with lo mein for $2.5,Thai,Non-Vegetarian
Pumpkin Spice Chai Latte,"Chai, pumpkin, choice of milk, whipped cream",American,Vegetarian
Shrimp Cocktail (Dinner/Lunch Classic),"poached in old bay & citrus, house cocktail sauce, lemon",American,Non-Vegetarian
Hainan chicken rice plate,"GF Hainan flavored rice, bone-in free-range chicken, broccoli, ginger dipping sauce, chicken serve cold, warm per request",Chinese,Non-Vegetarian
Sangiovese Tres Raices 2021 (Bottle),"Guanajuato, Mexico",Mexican,Vegetarian
ROMAINE WEDGE,"romaine, hickory smoked bacon, bleu cheese crumbles, red onion, tomatoes, garlic bleu cheese dressing",Italian,Non-Vegetarian
BEEF TOSTADA (Large),,Mexican,Non-Vegetarian
Fried Tofu,Deep-fried bean curd served with sprinkle of ground peanuts in sweet & sour.,Thai,Vegetarian
Fish Vindaloo,sh cooked with potatoes in a spicy tomato sauce.,Indian,Non-Vegetarian
COKE,Soda,Italian,Vegetarian
Hunan Vegetable,"Broccoli, carrots, green peppers, celery, mushrooms, water chestnuts, snow peas, onion, and your choice of meat stir fried with spicy Hunan sauce",Chinese,Vegetarian
Tartufo,"vanilla gelato, chocolate gelato, cherry",Italian,Vegetarian
Kung Pao Shrimp,,Chinese,Non-Vegetarian
Kadai Paneer,Paneer tossed with freshly ground spices and sliced bell-peppers and onions,Indian,Vegetarian
Onion Pakora (V),,Indian,Vegetarian
"St. George Absinthe, California (1.0 oz Pour)",,American,Vegetarian
Strawberry & Pistachio,"Pistachio Whipped Cream, Mint",Mediterranean,Vegetarian
Mongolian Beef (Lunch Special),,Chinese,Non-Vegetarian
Cannelloni,"Pasta Stuffed with Ricotta, Ground Beef, and Spinach, Topped with Marinara.",Italian,Non-Vegetarian
Garlic Spread (Half),"Whipped Garlic, Lemon Juice, Canola Oil",Mediterranean,Vegetarian
Chicken Tikka Masala Lunch,"Chicken Tikka Masala served with Aloo Mattar, Dal of the Day, basmati rice, naan & salad.",Indian,Non-Vegetarian
"Spaghetti Linny Ray's Sauce, Pecorino cheese, basil",,Italian,Vegetarian
Plain Mixed Vegetable,with Steam Rice,Chinese,Vegetarian
SCALLOP CRUDO,"passion fruit aguachile, kumquat, asian pear, thai basil",American,Non-Vegetarian
Zigni Wot,"A beloved beef stew that's all about depth of flavor. We slow-cook small cubes of beef in a rich, crimson sauce made with berbere, tomatoes, and onions. As a wot, it stews for hours, allowing the beef to become fork-tender and the sauce to develop a spicy, slightly smoky profile. Our Zigni Wot is hot, with layers of chili warmth and a hint of sweetness from cooked-down onions. This hearty stew warms you from within - a must-try for fans of beef chili looking for an East African twist.",Italian,Non-Vegetarian
"ASSAM PEDAS w/ SQUID, INDONESIAN GRILLED SHRIMP or FLOUNDER FILLET",with tomatoes & bamboo shoots in tamarind broth,Thai,Non-Vegetarian
Grilled Chicken Breast (Salad Addition),,American,Non-Vegetarian
Fried Wonton,Deep fried wonton wrapped with ground chicken served with sweet & sour sauce.,Thai,Non-Vegetarian
Hot & Sour Soup (Qt.),,Chinese,Vegetarian
Chicken 65,,Mexican,Non-Vegetarian
Kids LB Burger w/ fries,(AGES 12 AND UNDER),Italian,Non-Vegetarian
Avocado Salad (1/2),"Avocados, black bean corn salsa, and feta served over mixed greens with your choice of any dressing.",American,Vegetarian
Dickle,,American,Vegetarian
Green Papaya Salad,"Poached shrimp + tomato + Thai basil + mint + shredded green papaya, carrot + red pepper + chili lime dressing + toasted cashew.",American,Non-Vegetarian
D11. Beef with Broccoli,,Chinese,Non-Vegetarian
Chardonnay (Btl),,Thai,Vegetarian
Ham Fried Rice,,Chinese,Non-Vegetarian
Chana masala,Garbanzo peas delicate tomatoes onions & herbs,Indian,Vegetarian
Cashew Nuts Over Rice,"Cashew nuts, bell peppers, white onion and onion stir-fried with our homemade sweet chili sauce. Gluten Free. (Can be made vegan/vegetarian).",Thai,Vegetarian
Nachos con Queso Blanco (add chicken tinga or short rib machaca),,Mexican,Vegetarian
BW CHICKEN & SAUSAGE GUMBO (Happy Hour Cup),made from scratch,American,Non-Vegetarian
Ancho Reyes (Liqueur),,Mexican,Vegetarian
SALMONE RIPIENO,"Filet of fresh Atlantic salmon stuffed with scallops, crab meat and spinach in a curry sauce.",Italian,Non-Vegetarian
9. Tamal & taco,,Mexican,Vegetarian
"CONTRATTO FERNET, PIEMONTE","BITTER, INTENSE, IMPACTFUL",Italian,Vegetarian
THAI BEEF JERKY,fried marinated beef thai style. served with Sriracha sauce.,Thai,Non-Vegetarian
Yellow Curry (Beef or Shrimp or Crispy Chicken),"Onion,tomato,carrots,red pepper,yellow squash,snow pea,pineapple.",Thai,Non-Vegetarian
churros,"dulce de leche, cinnamon sugar",Mexican,Vegetarian
Tonnato,"bluefine tuna, heirloom tomato, tuna mayonnaise, veal gelee, capers",Italian,Non-Vegetarian
Saag Paneer GF,Paneer (Indian cottage cheese) cooked in a creamy spinach-based sauce infused with aromatic spices,Indian,Vegetarian
DIAVOLA,"Crushed Tomatoes, Mozzarella, Bell Pepper, Calabrese Salame, Kalamata Olives, Red Onions, Basil, Oregano, Black Pepper, and Gusto's Chill Oil",Italian,Non-Vegetarian
Shrimp with Broccoli Pint,Served with white rice,Chinese,Non-Vegetarian
Vegan Tomato Coconut Soup,Tomato sauce cooked with coconut milk,Indian,Vegetarian
Dozen Pistachio Baklava,,Mediterranean,Vegetarian
SWEET CHILI,Extra Condiment,Italian,Vegetarian
Veggie Kebob Platter (V),"Two skewers of grilled bell pepper, zucchini, cauliflower, tomato, onion, and mushroom. Served with rice, one side, one sauce.",Mediterranean,Vegetarian
Punjabi Balti Bakra,"Mutton cubes perfectly cooked together with a fantastic blend of aromatic Indian spices including black pepper, yogurt and Desi ghee",Indian,Non-Vegetarian
Chicken Korma with bone Chicken,prepared with garlic and ginger in a thick creamy sauce.,Indian,Non-Vegetarian
Malai Kulfi,,Indian,Vegetarian
Michele Chiarlo Nivole Moscato dAsti Bottle,"Savor the sweet, fruity essence of Moscato. Your optimal wine for pairing with any dish. Moscato d'Asti DOCG, Italy | 2022",Thai,Vegetarian
Lamb Shish Kabob,Two skewers of lamb shish kabob over rice. Hummus salad bbq vegetables and bread,Mediterranean,Non-Vegetarian
CHICKEN TENDERS (5 Pieces),"buttermilk marinade, served with Lizzys Tendie Sauce",Mexican,Non-Vegetarian
Bloody Mary,"QI Bloody Mix, Lemon, Olive",Italian,Vegetarian
Budweiser Draft,,Mexican,Vegetarian
Homemade Soup (Cup 8oz),Made fresh in our kitchen daily,American,Non-Vegetarian
Spicy Beef in Spicy Broth,,Chinese,Non-Vegetarian
Taco De Pastor,"Lean, Marinated, Grilled Pork, With Pineapple, Onion, and Cilantro.",Mexican,Non-Vegetarian
Cheese Rolls ( Rakakat),3 pieces . Fillo dough rolls stuffed with feta & mozzarella cheese. A side of olive oil with herbs,Mediterranean,Vegetarian
Seasonal Steamed Veggies Gluten Free Vegan,Medley of seasonal vegetables.,Thai,Vegetarian
Chicken Salad,"Diced chicken on lettuce, tomatoes, onions, topped with our house dressing.",Mediterranean,Non-Vegetarian
Peanut Sauce,,Thai,Vegetarian
Chardonnay bottle,"Straw yellow with greenish hues, this Italian Chardonnay offers fresh notes of citrus, hay, and sage. Its bright acidity is balanced by minerality and elegant structure.",Italian,Vegetarian
Mango Lassi,A creamy and refreshing yogurt-based drink blended with sweet mango pulp.,Indian,Vegetarian
Draft Beer Peroni,,Italian,Vegetarian
Lo Mein,"Choice of Shrimp, Roasted Pork, Beef, Chicken or Veggie",Chinese,Vegetarian
Garlic Naan,,Indian,Vegetarian
"Domaine Skouras Megas Oenos, Greece, 2019","regal, thrilling, ambitious",American,Vegetarian
Chicken Taco (Lunch),"Served in soft corn tortillas with organic brown rice, organic beans, roasted tomato salsa, and guacamole on the side",American,Non-Vegetarian
ROASTED BRUSSEL SPROUTS,"Roasted Brussels sprouts, craisins, garlic, spicy maple pepitas and topped with blue cheese and bacon.",American,Non-Vegetarian
som moo Naam Salad (cured pork) (GF),"Marinated rice with coconut flakes tossed with scallions, cilantro, lime leaves, and chill; topped with crush peanuts served with lettuce to wrap.",Thai,Non-Vegetarian
APPETIZER TRIO,"chile con queso, guacamole and spicy bean dip",Mexican,Vegetarian
Fettuccine Maiale e Spuntature,"Homemade Fettuccine, braised pork shoulder and baby back ribs in fresh tomato sauce, Pecorino",Italian,Non-Vegetarian
PANEER (CHEESE) Vindaloo,A Portuguese influence on Indian cooking brought life to vindaloo a tangy onion and vinegar sauce.,Indian,Vegetarian
Dry Sauteed String Beans,,Chinese,Vegetarian
Pita Bread,One Pita bread,Mediterranean,Vegetarian
Lamb Boti Kabob,Cubes of boneless lamb leg,Indian,Non-Vegetarian
Thai House Salad (Classic),"Baby greens, tomatoes, and cucumbers. Served with creamy ginger dressing and peanut dressing.",Thai,Vegetarian
Hunan Shrimp,,Chinese,Non-Vegetarian
Casaer Salad,,American,Vegetarian
Bun Ga Xao,Vermicelli with chicken,Chinese,Non-Vegetarian
TRENTINO HARVEST,ocho reposado tequila | housemade cinnamon syrup | apple | lemon | bitters,Italian,Vegetarian
Daal Soup,Seasoned lentil soup with delicate spices and herbs served with papadum.,Indian,Vegetarian
Dinner MooGooGaiPan,"Served with choice of White Rice,Brown Rice or Pork Fried Rice & Egg Roll",Chinese,Non-Vegetarian
"Frank Cornelissen, 'Susucaru', Vino Rosso, Sicily, Italy, 2023",,American,Vegetarian
Seasonal Ceviche* (Catering Appetizer),chips and salsa,Mexican,Vegetarian
The Hangover Burger,"Beef patty, sriracha candied bacon, fried egg, pepper jack cheese, fried onions, garlic aioli, and brioche bun.",American,Non-Vegetarian
Kung Pao Beef*,"Served with scallions, peanuts, zucchini and red bell peppers.",Chinese,Non-Vegetarian
SOMETHING WITH VODKA,"vodka, lychee, cucumber, citrus",American,Vegetarian
Dinner Mole Tamale,,Mexican,Vegetarian
Tung Ting Shrimp,,Chinese,Non-Vegetarian
Hefeweizen,,Indian,Vegetarian
Aloo Gobi Masala,"Potatoes and cauliflower florets delicately sauteed with pepper, peas & spices",Indian,Vegetarian
Greek Salad with Chicken,,Mediterranean,Non-Vegetarian
Grilled Lamb Chops,Marinated with shallots and Chinese spices served with seasonal vegetables,Chinese,Non-Vegetarian
Vegetable Tempura,,Chinese,Vegetarian
White Wine,,Thai,Vegetarian
Rama spinach curry with roasted peanut Beef or Shrimp,A mild golden peanut curry sauce in coconut milk served on steamed young spinach and bean sprouts,Thai,Non-Vegetarian
Onion Utappam,"Thick crepe of lentil & rice stuffed with onions, served with lentil soup (sambar) and 2 chutneys.",Indian,Vegetarian
Bruschetta Bacio,"Shredded Mozzarella, Tossed with chopped tomato & Basil (Add Prosciutto $2)",Italian,Vegetarian
Ribeye (14oz)*,"Any one of the below. All Dinners Include: Minestrone Soup or Salad, Complimentary House Wine, Garlic Bread, Pasta Side, Homemade Cappuccino.",Italian,Non-Vegetarian
SOMMELIER SELECTED WINE PAIRING,(for 5-Course Summer menu),American,Vegetarian
Pastitsio,"The Greek lasagna! Oven-baked layers of thick macaroni, spiced ground meat, and a hearty topping of creamy bchamel - rustic, rich, and straight from the village kitchen. Available on Fridays only.",Mediterranean,Non-Vegetarian
Chicken Pot Stickers,The unique cooking method of grilling and steaming these delicate appetizers help punctuate the flavorful filling of freshly ground chicken and Chinese vegetables,Chinese,Non-Vegetarian
Lamb Shish Kabob,Entrees,American,Non-Vegetarian
Strawberry Boba,,Thai,Vegetarian
Plain Lo Mein,,Chinese,Vegetarian
Tilapia,"comes with rice or couscous + 2 side orders, pita, & sauce",Mediterranean,Non-Vegetarian
peppercorn,Sauce,American,Vegetarian
Strawberry Shortcake Waffles,Strawberries | Whipped Cream | Powdered Sugar | Syrup vegetarian,American,Vegetarian
Classic Greek Salad,Side,Mediterranean,Vegetarian
ENCHILADA RANCHERAS - CHEESE,Melted jack cheese with ranchera sauce served with refriedbeans and rice.,Mexican,Vegetarian
Lemon Drop (Dessert Cocktail),"st george citrus, cointreau, lemon",American,Vegetarian
Vegetable Delight (Combo Sp.),A flavorful blend of sauted vegetables. Includes 1 egg roll and chicken fried rice.,Chinese,Non-Vegetarian
Red Curry,"A rich red curry simmered in coconut milk with bamboo shoots, bell peppers, and fresh basil. Infused with aromatic Thai herbs and a gentle heat from red chili paste. Bold, creamy, and beautifully balanced.",Thai,Vegetarian
Steamd /Fried Chicken Dumpling,,Chinese,Non-Vegetarian
Gai Tod Kinlen Set,,Thai,Non-Vegetarian
Burnt Garlic Fried Rice Mixed,Burnt Garlic Fried Rice is a flavorful stir-fried rice dish infused with crispy burnt garlic and aromatic spices.,Indian,Vegetarian
Pad See Lew,"Wide rice noodles stir fried w/chicken, broccoli, carrot, egg",Thai,Non-Vegetarian
SCALLOP STIR FRY WITH SHITAKE MUSHROOM & SNOW PEAS,"Plump, tender scallops stir-fried with earthy shitake mushrooms and crisp snow peas-a light yet indulgent seafood treat.",Thai,Non-Vegetarian
Fish Samosa,"2 pieces Triangular pastry/turnover filled with chopped fish, mild spices and herbs. Served with Tamarind & Mint sauces on the side.",Indian,Non-Vegetarian
L5. Cashew Chicken,"Tender slices of chicken, broccoli, baby corn, carrots, scallions & cashews",Thai,Non-Vegetarian
Ahi Tuna Tartare,"Harissa Aioli, Espelette Pepper, Chive, Avocado, Lime",Mediterranean,Non-Vegetarian
"La Cantina Pizzolato Moscato Dolce (Veneto, Italy) Bottle","Organic nice creamy bubbles with aromas of chalk, banana custard pie and nectarine, spiced apple and fruity medium body with a mineral finish.",Indian,Vegetarian
"Drunken Noodle Vegetable, Tofu, Chicken or Pork","Stir fried flat rice noodle with chili, egg, red & green bell pepper, onion, garlic, and basil leaves.",Thai,Vegetarian
Quesadillas Chicken / Paneer / Shrimps,"Indian whole wheat tortillas, mozzarella & spice",Indian,Non-Vegetarian
GINGER CHICKEN,"Sauted Chicken with Ginger, Mushrooms, Onions & Mushrooms in Oyster Sauce",Thai,Non-Vegetarian
Caffe Cubano,,Mediterranean,Vegetarian
Zinfandel,GLASS,Thai,Vegetarian
Shrimp Papaya Salad,,Chinese,Non-Vegetarian
Tacos 4x12,"Four tacos your way—mix meats, add toppings, and dive into bold, street-style flavor.",Mexican,Non-Vegetarian
ROMAN CHOP (1/2),"Chopped romaine, grilled chicken breast, bacon, peppadew peppers, grape tomatoes, roasted beets, black olives, pistachios and bleu cheese crumbles tossed in our balsamic vinaigrette and ranch dressing.",American,Non-Vegetarian
Basil Eggplant Salmon Fillet,"Sauteed eggplant with garlic, bell pepper, onion, carrot, and basil leaves. stir fried in house soy sauce. (GF option available)",Thai,Non-Vegetarian
Kah-Tahr poleko(V),"Grilled jackfruit marinated with herbs and spices, served with tomatillo sauce.",Indian,Vegetarian
FLAUTAS,"Shredded chicken or beef brisket, rolled and fried in fresh crispy corn tortillas. Topped with guacamole and sour cream. Served with rice and refried beans.",Mexican,Non-Vegetarian
Langosta Estilo Rosarito,"Deep fried whole lobster garnished with refried black beans, white rice, salsa and hand-made corn tortillas",Mexican,Non-Vegetarian
HK style Milk Tea (Hot),,Chinese,Vegetarian
Shaken Coconut Cold Brew (Brunch Happy Hour),Brunch Happy Hour Drink,American,Vegetarian
BURRATA,HOUSE MADE JAM | LEMON OLIVE OIL | SABA | BEE POLLEN | CANDIED NUTS | PICKLED RED ONION | MICROGREENS | GARLIC CROSTINI,Italian,Vegetarian
Smooth Operator,"ketel one vodka, strawberry, aloe vera, lemon, ginger beer.",Mexican,Vegetarian
7pc Samosa Sampler,"A house sampler plate of our special regular (veg) samosas, spinach-cheese samosas, lamb (keema) samosas and ashta-mosa (sweet) Served with mint & tamarind chutney",Indian,Non-Vegetarian
BISON FILET 8 oz,rock river ranch,American,Non-Vegetarian
"Mixed Vegetables Prawns, squid, beef, fish",Choice of meat with soy sauce and garlic.,Thai,Non-Vegetarian
La Tierra De Acre Mezcal,Espadn,Mexican,Vegetarian
Jowar Bhakri (1 Pc),Gluten-free unleavened flatbread (roti) made with sorghum flour,Indian,Vegetarian
Mixed Grill*,"Includes choice of 3 Vegetables, Grains & Couscous Harissa Marinated Beef Tenderloin, Waygu Strip Loin, Lamb Chops, Spiced Lamb Kefta, Red Pepper Chicken Breast, Herb & Garlic Shrimp & Charred King Trumpet",Mediterranean,Non-Vegetarian
Appam - 3 Pieces,"Light and flaky delicacy of Kerala, made with soaked grounded rice and coconut milk.",Indian,Vegetarian
Spicy Seafood Salad,"Shrimp, calamari and sliced fish cakes with tomatoes, onion in spicy lime dressing served with sliced lettuce.",Thai,Non-Vegetarian
TANQUERAY,,Indian,Vegetarian
Mongolian Beef,,Chinese,Non-Vegetarian
Kung Pao Pork,,Chinese,Non-Vegetarian
Seafood Linguini* (Dinner Pasta),"Blue crab, calamari, smoked tomato, oregano",Italian,Non-Vegetarian
Seasonal Vegetable,,American,Vegetarian
Tofu Sesame Citrus Noodle Bowl,"Crispy tofu, chilled ube noodles, asian pear, fresh herbed greens, crushed peanuts, crispy onions, citrus chili dressing",American,Vegetarian
FIG-PEANUT ENERGY BAR,,Italian,Vegetarian
Latte 16oz,"Espresso, Steamed Milk with a Touch of Foam",American,Vegetarian
H3. Orange Chicken,,Chinese,Non-Vegetarian
FRITTURA MISTA,"fried calamari, local cod, shrimp, chillie-citrus aioli",Italian,Non-Vegetarian
Proper Pilsner,Vacancy Brewing (16oz),Mediterranean,Vegetarian
DRY FRIED SHRIMP CHOW MEIN,"Shrimp deep fried in batter and sauteed in a spicy garlic sauce enhanced with roasted red peppers, mushrooms, carrots green onion and bamboo shoots. All chow mein comes with wok fried soft needles for homemade noodles additional $1 charge. These chow mein include mixture of julienne vegetables.",Chinese,Non-Vegetarian
Chicken Shish Kebab Wrap,"Tender cubes of marinated chicken skewers, grilled with a blend of spices. Served on lavash bread with lettuce, tomatoes, cucumbers, onions and tahini sauce.",Mediterranean,Non-Vegetarian
Lemonade,,Chinese,Vegetarian
Southern Wedge,"Iceberg lettuce, avocado, cilantro, candied bacon, smokey Bleu cheese crumbles, tomatoes, grilled sweet corn, fire roasted sweet peppers, scallions, bleu cheese dressing.",American,Non-Vegetarian
CHANNA SAAG,Garbanjo beans in savoury mix of finely chopped spinach and spices,Indian,Vegetarian
Sfumato Rabarbaro Amaro,,Italian,Vegetarian
CHICKEN SAUSAGE,,American,Non-Vegetarian
Fried Shrimp Basket (15pc) with Shrimp Fried Rice,,Chinese,Non-Vegetarian
Ewa Sweet Corn Fritto (6P),"Sweet Corn Bchamel, Truffle Pt, Mac Nut (Bar Menu)",American,Vegetarian
QUESADILLAS CON HONGOS,"with cheese and seasoned, grilled fresh mushrooms",Mexican,Vegetarian
Sriracha Fried Rice (No Meat),"If you love spicy food, our Sriracha Fried Rice is the perfect dish for you. Made with jasmine rice, mixed vegetables, and your choice of Meat. This dish is seasoned with a spicy Sriracha sauce.",Thai,Vegetarian
House Fried Rice (Qt.),,Chinese,Vegetarian
Excellia Aejo Tequila,Aejo Tequila.,Mexican,Vegetarian
Soup Du Jour,Chef's House-made Daily Offering,American,Non-Vegetarian
Sauteed Green Pepper w/ Preserved Soy Bean,,Chinese,Vegetarian
PAD THAI (Roasted Duck),"A choice of protein, stir-fried with rice noodle, egg, bean sprout and green onion in soy-tamarind sauce.",Thai,Non-Vegetarian
1/2 cup beef & bison chili,,American,Non-Vegetarian
Panang Curry (Chicken or Pork),"kaffir lime leaves, pea-carrot, bell pepper and sweet basil with coconut milk.",Thai,Non-Vegetarian
Kids Quesadilla,Corn tortillas filled with melted cheese.,Mexican,Vegetarian
L17. Shredded Pork in Garlic Sauce,"All Served w. fried rice, white rice or brown rice and choice of wonton soup, hot & sour soup or egg drop soup",Chinese,Non-Vegetarian
Gang Ka-Ree Kai,"Yellow curry with potatoes, onions and coconut milk.",Thai,Vegetarian
Biryani - Chicken,Aromatic basmati rice cooked with chicken & enhanced with traditional Indian spices and mint topped with caramelized onions *GF on request,Indian,Non-Vegetarian
BISCOTTI CHEESECAKE Whole Cake,,Italian,Vegetarian
Two Eggs Any Style,"Two eggs any style, choice of toast, homies with onions 'V'",American,Vegetarian
TL01. Khao Pad (Fried Rice),"Thai style fried rice with choice of meat, onion, garlic, green onion, carrot, egg, and tomato",Thai,Non-Vegetarian
"Thai Fried Rice (Pork, Chicken, or Tofu)","Black Sauce, Tomato, Onion",Thai,Vegetarian
Smokey Manhattan,"Zacapa 23 rum, Del maguey Vida mezcal, Amaro Averna, Punt e Mes, Cocchi di Torino Vermouth, dry Curaao, chocolate bitters",Mediterranean,Vegetarian
Happy Meal (4 pc nuggets & fries),,Chinese,Non-Vegetarian
Garlic Shrimp,Shrimp cooked with fresh garlic and spices.,Indian,Non-Vegetarian
Pasta alfredo,Homemaid alfredo sauce.,Mediterranean,Vegetarian
YUZU ICE CRYSTAL,"soft crystal, rock candy, grapefruit, yuzu",Chinese,Vegetarian
Cortadito,,Mediterranean,Vegetarian
Broccolini,"calabrese peppers, almond gremolata",Italian,Vegetarian
KENDALLS SLUTTY BROWNIE (Bites),"oreo, chocolate chip cookie, brownie, vanilla ice cream, chocolate fudge",American,Vegetarian
Veal Parmigiana Sub,,Italian,Non-Vegetarian
Cucumber Yogurt 8oz,,Mediterranean,Vegetarian
Coconut Chicken,Tender chicken cooked in a rich coconut sauce.,Chinese,Non-Vegetarian
Dragon & Phoenix,The combination of two: spicy General Tso's Chicken and Jumbo Shirmp with mixed vegetables. Served with white rice.,Chinese,Non-Vegetarian
Shan Fried Shrimp w. Shrimp Fried Rice & Broccoli,FS3.,Chinese,Non-Vegetarian
Chicken with Broccoli,Tender chicken and steamed broccoli in a flavorful sauce.,Chinese,Non-Vegetarian
Plain Dosa,With sambar & two chutneys,Indian,Vegetarian
Grilled Turkey BLT,"ROASTED TURKEY BREAST WITH WHITE CHEDDAR CHEESE, MAPLE BACON, WILD ORGANIC ARUGULA, AVOCADO, TOMATO AND GRAIN MUSTARD AIOLI ON RUSTIC BIANCO BREAD.",American,Non-Vegetarian
Chinese Pork Sausage Fried Rice,"Fried rice with Chinese pork sausage, peas, carrots, green onions and eggs",Thai,Non-Vegetarian
Prosciutto Di Parma Aged 18 months,"Dry-cured ham, aged.",Italian,Non-Vegetarian
TOMATO JUICE,,American,Vegetarian
Upma,,Indian,Vegetarian
La petite Ferme Ros,(Ros),Mediterranean,Vegetarian
Taboullah,"Parsley, Tomatoes, Cucumbers, Cracked Wheat",Mediterranean,Vegetarian
Soft Drink,,Thai,Vegetarian
The Best Espresso Martini,"Vodka, fresh pulled espresso, demerara",Italian,Vegetarian
100% All-Beef Hot Dog (Kupuna Brunch),Served with skin-on fries. Add 99 for BCD chili. Includes a fresh garden salad & fresh brewed iced tea or fountain drink.,American,Non-Vegetarian
Drumshanbo Gunpowder Sardinian Citrus,,American,Vegetarian
Palak Paneer,"Homemade cheese cooked with spinach, mildly flavored with fresh herbs & spices.",Indian,Vegetarian
SPICY LABNI,"Yogurt cheese cream mixture w/ small dices of cucumber, tomatoes, pickles, Aleppo pepper spice, jalapeos, mint, olive oil",Mediterranean,Vegetarian
Tom Kah Fish Bowl,"Spicy coconut flavored soup with mushrooms, tomatoes, chili and lemongrass",Thai,Non-Vegetarian
KOFTE KEBAB,"Charcoal grilled minced lamb small patties with parsley, red onions & spices Served with Pita, Rice, Salad & Tzatziki Sauce",Mediterranean,Non-Vegetarian
"Enchiladas Chicken, Tofu or Paneer",Three enchiladas over tikka masala or verde sauce served with gucamole & basmati rice.,Indian,Vegetarian
*Daily Fish,"Spring vegetable rag, sweet pea pure, and lemon oil",American,Non-Vegetarian
Hot Chocolate,,Italian,Vegetarian
JUICES Pineapple,,Indian,Vegetarian
Shrimp Fry Biryani,"Juicy, spiced shrimp fried to perfection and layered with fragrant basmati rice, enriched with bold flavors. Served with raita for a savory seafood delight.",Indian,Non-Vegetarian
Chicken Kabob Wrap,"Grilled chicken kabob with garlic sauce, tomatoes, lettuce, and pickles.",Mediterranean,Non-Vegetarian
Enchiladas del Mar,"Two enchiladas stuffed with chunks of real crabmeat, topped with creamy sauce and pico de gallo. Served with Mexican rice and salad.",Mexican,Non-Vegetarian
"SPARKLING, SANTOME BRUT ROSE, TREVISO, VENETO (Glass)",,Italian,Vegetarian
MUSHROOM MASALA,"Fresh cut mushrooms prepared w/ tomatoes, ginger, & bell peppers.",Indian,Vegetarian
Chicken Florentine,"Sauted spinach, garlic & mushrooms in creamy alfredo sauce over spaghetti.",Italian,Non-Vegetarian
MEGA MAZA TRAY,"Hummous, Tabbouli, Fattoush, Baba Ghannouj, Labneh w/Garlic, Iraqi Salad & 4 pcs. Falafel.",Mediterranean,Vegetarian
Kufta Plate Tomato,"Mix of ground beef and ground lamb, onion, parsley, and spices. Topped with sliced onion, sliced green chili and tomato sauce. and a side of plane yogurt and freshly baked pita bread.",Mediterranean,Non-Vegetarian
BRANZINO,"Mediterranean sea bass, oven-roasted cauliflower, beet hummus, pine nuts, cilantro",Italian,Non-Vegetarian
Soda Rootbeer,,Mexican,Vegetarian
Chicken with Chinese Vegetable,Tender chicken stir-fried with a colorful mix of Chinese vegetables.,Chinese,Non-Vegetarian
marinated olives,"chili, citrus, fennel pollen",Italian,Vegetarian
Red Bull Sugar Free,,American,Vegetarian
GREEN CURRY,"Green chili paste in coconut milk with bamboo shoot, eggplant, bell pepper, carrot and basil. Served with steamed rice.",Thai,Vegetarian
Edamame - GF,Steamed edamame,Thai,Vegetarian
ORANGE SORBET,"house-made (vg, gf)",Mediterranean,Vegetarian
Amarone Begali Lorenzo,"DOCG, Veneto, Italy 750 ml",Italian,Vegetarian
Crabmeat Fried Rice (Add Beef),,Thai,Non-Vegetarian
Koobideh,,Mediterranean,Non-Vegetarian
Sticky Rice,,Thai,Vegetarian
"2023 Pinot Noir, Violet Hill, Santa Barbara",,Italian,Vegetarian
Giulia,"Mozzarella, spicy salami, onion, sausage, bell pepper, spicy honey",Italian,Non-Vegetarian
The Fish 10' Wraps,A Filet of tilapia grilled to perfection marinated in our own special seasonings and topped with tzatziki sauce.,Mediterranean,Non-Vegetarian
Chicken with Peanuts(kung pao) Luncheon Special,,Chinese,Non-Vegetarian
"Kuay-tieo Haeng (Chicken, Beef, Pork, Tofu Or Vegetable)","steam rice noodle with bean sprout, green onion, coriander and ground peanut in light brown sauce",Thai,Vegetarian
Pumpkin Curry,"Red curry paste in coconut milk, pumpkin, carrot, tomato, bell pepper, and basil leaves",Thai,Vegetarian
Pistachio Orange Zest Cheesecake,"pistachio graham cracker crust, pistachio brittle ribbons, orange liqueur and zest, Chantilly cream, raspberries, pistachio brittle",American,Vegetarian
CHICKEN CAESAR SALAD,grilled chicken romaine lettuce shaved Parmesan croutons cracked black pepper Caesar dressing,Mediterranean,Non-Vegetarian
CHIMICHANGAS Chicken,"with Rice Beans, Sour Cream, Pico, Guacamole, Covered in Cheese",Mexican,Non-Vegetarian
Avgolemono Soup Bowl,"A traditional chicken, lemon, and rice soup",Mediterranean,Non-Vegetarian
Standard Hudson North dry cider,"dry cider, fresh apple, lemon zest, crisp, 5.0%",American,Vegetarian
CRISPY BANANA,"Fresh banana wrapped with crunchy almonds in a spring roll skin, deep fried and drizzled with honey and sesame seeds.",Thai,Vegetarian
Meat Pie,"Ground beef marinated with yogurt, tahini, pomegranate molasses, onions, and spices",Mediterranean,Non-Vegetarian
Yogurt with Shallots (Masto Mousir),Yogurt with chopped shallots.,Mediterranean,Vegetarian
Veggie Sandwich,,Mediterranean,Vegetarian
Mediterranean Salmon Salad,"Fresh grilled filet of marinated salmon over mixed greens, tomatoes, peppers, cucumbers, onions, feta cheese, kalamata olives, and walnuts with house-made dressing - GF",Mediterranean,Non-Vegetarian
Coconut Noodle Soup (Tofu),"Spicy coconut lemongrass soup with thin rice noodles, mushrooms, tomatoes, cilantro and green onions.",Thai,Vegetarian
Add Blueberries to Short Stack,,American,Vegetarian
FALAFEL FRITTERS (VE) (VG),"Golden, and bursting with herby flavor!",Mediterranean,Vegetarian
Quattro Stagioni,"San Marzano Tomato, Mozzarella, Italian Ham, Bacon, Mushrooms, Calabrian Pepperoni",Italian,Non-Vegetarian
Harissa-Glazed Jidori Chicken,"Baby potatoes, lime-cilantro chicken jus",Mediterranean,Non-Vegetarian
CIOPPINO,mussels | clams | calamari | prawns | fish fillet | tomato sauce | crostini,Italian,Non-Vegetarian
Lamb Korma (GF),"Cashew nut, almond, yogurt, coconut & cream.",Indian,Non-Vegetarian
Erbil Yogurt Drink,Traditional yogurt drink from Erbil.,Mediterranean,Vegetarian
Kao Pad Sapparos (Pineapple Fried Rice),"Stir fried Jasmine rice with pineapple, raisins, onions, carrots, curry powder, and your choice of protein.",Thai,Vegetarian
Kebab (2),No description.,Mediterranean,Non-Vegetarian
BELL-RITO BURRITO,"Filled with ground beef, rice and sauted bell peppers, smothered in green chile.",Mexican,Non-Vegetarian
Pizza Puff,,Mediterranean,Vegetarian
Veggie Croissant,"Avocado, stracciatella & sesame seeds.",Italian,Vegetarian
Add Avocado,to Salads,American,Vegetarian
Baklava Two,,Mediterranean,Vegetarian
Taro empanadas,,Thai,Vegetarian
Cochinita pibil (Lunch),"Tender pork meat, marinated in achiote and juices, served with warm tortillas",Mexican,Non-Vegetarian
Moms Ricotta Meatballs & Spaghetti with imported pomodorina sauce,"house-made beef, veal, pork & ricotta meatballs, romano, spaghetti with imported pomodorina sauce",Italian,Non-Vegetarian
BABY BOK CHOY CHICKEN,"Chicken, Baby Bok Choy sauted in garlic house sauce.",Thai,Non-Vegetarian
GET GREEKY,"Saffron Rice, Baby Greens, Feta, Hummus, Tzatziki, Olives, Pita Crumbles, and Dill Yogurt bring the full Greek party.",Mediterranean,Vegetarian
RED BULL,Original Sugar Free Blueberry Watermelon Tropical,Mediterranean,Vegetarian
Stracciatella Soup (Dinner),"Spinach, eggs, chicken broth, cheese agnolotti, and parmigiano cheese.",Italian,Non-Vegetarian
Hummus (Dinner),"Chickpeas, Tahini, EVOO (GF V)",Mediterranean,Vegetarian
toast,,Italian,Vegetarian
Eggplant Parmigiana,Baked eggplant with marinara sauce and mozzarella served with spaghetti,Italian,Vegetarian
WEST COAST OYSTERS,"half dozen, classic cocktail, dolin mignonette",American,Non-Vegetarian
SALMON SKEWERS (SOUVLAKI),Two char-grilled salmon skewers over rice with a Greek salad. (1053 cal),Mediterranean,Non-Vegetarian
Ube Rice Krispy Treat,,Mediterranean,Vegetarian
Menthe Pastille,,Mexican,Vegetarian
Thai Style Papaya Salad,"Shredded green papaya and carrots with diced tomatoes mixed in a fresh lime, fish sauce dressing, and peanuts dressing. Served with slice of cabbage. Spice level: No Spice (0*), Mild (1*), Medium (2*), Spicy (3*), Very spicy (4*), ZAAP spicy (5*)",Thai,Non-Vegetarian
Vegetable Tempura Soba,,Thai,Vegetarian
Eggplant Rollatini,Eggplant stuffed with ricotta cheese filling and baked in marinara sauce and topped with Parmigiano Reggiano cheese,Italian,Vegetarian
"Nebbiolo Langhe, Marchesi di Barolo 'Sbirolo', Piedmont (Glass)",,Italian,Vegetarian
Beef Snow Peas,,Chinese,Non-Vegetarian
Beef Lula,,Mediterranean,Non-Vegetarian
Chicken Bacon Ranch,"Grilled chicken breast, ranch, crispy bacon, american cheese, roasted tomato and shredded lettuce on a fresh bakery roll.",American,Non-Vegetarian
volcán ultra premium XA Tequila,Bottle Service,Mediterranean,Vegetarian
SHRIMP ENCHILADA,guacamole & pico de gallo,Mexican,Non-Vegetarian
Tortillas (flour or corn),,Mexican,Vegetarian
Fesenjoon,Chicken tenders simmered in a sweet and sour pomegranate sauce with roasted grounded walnuts. Served with Basmati rice.,Mediterranean,Non-Vegetarian
Caesar Salad Add-On Shrimp,,Mexican,Vegetarian
Classic Caesar,"romaine, croutons, shaved parmesan, house made Caesar dressing",Italian,Vegetarian
TIKKA MASALA CURRY BOWL Shrimp,Mouthwatering creamy tomato curry infused with fresh herbs & ground spices,Indian,Non-Vegetarian
EXTRA CALAMARI,,Thai,Non-Vegetarian
8-Treasure Chicken,White meat chicken sauted with peanuts and mixed vegetables in spicy brown sauce.,Chinese,Non-Vegetarian
Pork Bone Soup-Original Beef Brisket Rice Noodles,"Served with: Pickled Cabbage, Chives, Quail Egg, Goji Berries, Wood Ear fungus, White Ear Fungus, Meat Paste, Ham, Tofu Puff, Corn and Lettuce",Chinese,Non-Vegetarian
Warm Apple Cider,"Caramel, Vanilla or Pumpkin",American,Vegetarian
"Il Borro Pian Di Nova Syrah, Sangiovesse Toscana 2019 - Italy",bottle,Mediterranean,Vegetarian
Mango Lassi,Homemade yogurt blended with milk and crushed ice.,Indian,Vegetarian
Tacos de Salmon,"Salmon, Mango, onions, cilantro, apple vinegar.",Mexican,Non-Vegetarian
Pla Rad Prik,"DEEP-FRIED TILAPIA FILLETS, RED BELL PEPPER, TOMATO, BROCCOLI, SWEET CHILI SAUCE.",Thai,Vegetarian
ERIC BORDELET Nouvelle Vague Sidre dry cider,,American,Vegetarian
Beef with Garlic Sauce,,Chinese,Non-Vegetarian
Sample Platted (10),"A good combination of paradise that chosen from popular orders of vegetable spring roll (2), shrimp tempura (2), crab cheese wonton (2), shu mai (2) and chicken gyoza (2).",Thai,Non-Vegetarian
Coke,,Thai,Vegetarian
Kung Pao Shrimp,Served 5-6 people.,Chinese,Non-Vegetarian
AMARO MONTENEGRO,,Italian,Vegetarian
Chicken Manchuria,,Indian,Non-Vegetarian
don julio 1942,Tequila,Mexican,Vegetarian
Chicken Shish Kebab,"All natural grilled chicken breast chunks, rice & house salad",Mediterranean,Non-Vegetarian
Basil Udon (Shrimp or Squid),"Sauteed udon noodles with eggs, onions, bell peppers, broccoli, carrots in spicy basil sauce. Hot and spicy.",Thai,Non-Vegetarian
"2019 Grenache, Whitcraft Winery My Friend Petes Vineyard, Ballard Canyon (Bottle)",,American,Vegetarian
Potstickers,"Pork and vegetable, citrus vinaigrette, coleslaw, with ginger-chili-lime dipping sauce",American,Non-Vegetarian
SMOKED SALMON PLATE,"The Lox Plate, Roma Tomatoes, Cucumbers, Capers, Red Onion, Home Made Herbed Cream Cheese, Lemon, Dill, Over Grill Toast Levain Bread.",Mexican,Non-Vegetarian
Lamb Shank,Braised Shank served over Saffron Basmati Rice topped with Lentils and Golden Raisins,Mediterranean,Non-Vegetarian
Sodas,,Mediterranean,Vegetarian
Bread Basket,Assortment of Naan and Kulcha,Indian,Vegetarian
House Wine (Bottle),"CK Mondavi, Chardonnay, Merlot, White Zinfandel",Thai,Vegetarian
CHAYOTE XIK (Plant Based),chayote/mogo mogo plantain/tomato confit/xnipec,Mexican,Vegetarian
Shrimp Fried Rice,,Thai,Non-Vegetarian
ST. SUPRY Sauvignon Blanc,9oz | Napa Valley Sauvignon Blanc,Italian,Vegetarian
2020 VINO NOBILE DI MONTEPULCIANO contucci,tuscany IT/ sangiovese,Italian,Vegetarian
QUESADILLAS,"spinach flour tortilla, oaxaca cheese, sauted baby spinach, mushrooms",Mexican,Vegetarian
Panang Neua,"Slow braised bone in Short Rib in a Panang curry, Thai long beans. Grilled broccolini, bell pepper, onion, and fried basil. Blue rice",Thai,Non-Vegetarian
Shrimp Enchiladas,"(2) Two Flour Tortillas Filled with Jumbo Shrimp Fajita. Topped with Ranchero Sauce. Served with Rice, Beans & a Side Salad of Lettuce, Tomatoes & Guacamole.",Mexican,Non-Vegetarian
Harley Grayhound,"Titos vodka, Aperol, agave, fresh lime juice with fresh grapefruit juice",American,Vegetarian
MIMOSA,,Italian,Vegetarian
Lentil Soup (V) Regular 8oz,"Pured blend of lentils, tomatoes, onions; seasoned with olive oil and savory spices.",Mediterranean,Vegetarian
Plain Naan,,Indian,Vegetarian
6. Boneless Spare Rib,,Chinese,Non-Vegetarian
Plain Naan,Leavened white bread baked in tandoor oven.,Indian,Vegetarian
La Marca,,Indian,Vegetarian
Chicken Tikka Masala,grilled chicken breast in a delicious creamy tomato sauce,Indian,Non-Vegetarian
Ginger Cranberry Punch,Cock'n Bull w/ cranberry juice and mint garnish.,American,Vegetarian
"2020 Ely Callaway Cellars, Paso Robles California, Cabernet Sauvignon (bottle)",Red Wine,Mediterranean,Vegetarian
Shepherds Pie,"Pat LaFrieda ground beef, carrots, celery, onions, peas, savory gravy, crispy mashed potato",American,Non-Vegetarian
VEGGIE SAMOSA (2 Pcs),"Crispy pastry filled w/mashed potatoes, peas with herbs and spices",Indian,Vegetarian
Paneer Tikka,,Indian,Vegetarian
Lunch Special Chicken Lo Mein,,Chinese,Non-Vegetarian
SOUTH BEACH,"Melon Liquor, peach schnapps, white rum, pineapple juice, orange juice, sour mixed",Thai,Vegetarian
FOUNTAIN SODAS Dr. Pepper,,Chinese,Vegetarian
Nero DAvola Tenuta Regaleali Lamuri Sicilia 2019 (Bottle),,Italian,Vegetarian
Gow Rao Nuar Raum Mor Fai,"Beef broth with meat balls, stew beef, bean sprouts and chinese broccoli in fire pot, served with steamed white rice.",Thai,Non-Vegetarian
Mango Sparkler,,Thai,Vegetarian
Steamed Mixed Vegetable,"No M.S.G, Salt, Sugar or Corn Starch, served Steamed with White Rice",Chinese,Vegetarian
Mango Sticky Rice (seasonal),,Thai,Vegetarian
Fettuccini w/ Garlic Oil Half Pan,,Italian,Vegetarian
French Fries,"Golden, crispy fries served with a dash of salt and crunch in every bite.",Indian,Vegetarian
Catering Chopped Salad 18 Platter,Serves 14-20,Italian,Vegetarian
Guntur Dosa,,Indian,Vegetarian
"Daou Pessimist Red Blend, California",Domestic Red Wine by the Bottle,Italian,Vegetarian
"MARIETTA CELLARS, OLD VINE ROSE, CALIFORNIA 2021",- (Glass),Mediterranean,Vegetarian
Charred Hanger Steak,"Prime 8oz Hanger Steak, Herb + Garlic Butter Crust, Red Wine Sauce (GF), Served with Garlic Plus Parmesan Pommes Frites or House Salad",American,Non-Vegetarian
Benzinger Sauv Blanc (bottle),Sonoma County,American,Vegetarian
MOCHA,espresso + chocolate + mint,Mexican,Vegetarian
Beef with Black Pepper,,Chinese,Non-Vegetarian
Allagash White,,American,Vegetarian
2 ITEM COMBO,AII combos served with Rice & Naan,Indian,Vegetarian
Mochiko Chicken (Med pan),,Chinese,Non-Vegetarian
"Torta Ham, egg, cheese",,Mexican,Non-Vegetarian
Black Beans,,Mexican,Vegetarian
Vege Pork in Sesame Pita Bread (3pcs),,Chinese,Non-Vegetarian
Corn Beef Reuben,"Slow braised corn beef grilled with sauerkraut, served on toasted swirl rye bread, and topped with Swiss cheese and Thousand Island dressing.",American,Non-Vegetarian
COMBO 14 (Steak),"One taco, one chile relleno and one chalupa.",Mexican,Non-Vegetarian
Add Fried Egg,,Thai,Vegetarian
FASOOLYA,V VE GF,Mediterranean,Vegetarian
Four Roses Bourbon,,Italian,Vegetarian
NEW FROS,"FROZEN ROSE WINE hints of strawberry, citrus & peach",Italian,Vegetarian
EGGS BENEDICT Smoked Salmon,"poached eggs, hollandaise sauce, breakfast potatoes, mixed greens",American,Non-Vegetarian
Coke (Soft Drink),(free refills),Mexican,Vegetarian
Burrito Bowl (Skirt Steak or Shrimp),"filled with yellow rice, black beans, chihuahua cheese, cotija cheese, roccos hot sauce, guacamole, cilantro, served with sour cream, pico de gallo & guacamole",Mexican,Non-Vegetarian
Fusilli Boscaiola,"Homemade fusilli tossed with asparagus, mushrooms & onions in creamy tomato sauce",Italian,Vegetarian
Sausage,,American,Non-Vegetarian
Wild Mushroom Flatbread,"Shredded mozzarella, wild caramelized mushrooms, crumbled goat cheese, Parmigiano Reggiano",Mediterranean,Vegetarian
CAESAR W/ SALMON,"Our much loved version of this classic salad, creamy dressing, anchovy paste garlic, Parmesan",Italian,Non-Vegetarian
Zataar Spiced Fries,,Mediterranean,Vegetarian
PANANG,"delicious, spicy, nutty curry, salty & sweet,with a zesty, kaffir lime flavor, served with steamed broccoli",Thai,Vegetarian
Small Wedge Salad,,American,Vegetarian
Baingan Masala,Baby eggplant seasoned with Sesame/herbs/spices cooked in onion tomato sauce,Indian,Vegetarian
Rabbit Hole Dareringer,,Indian,Non-Vegetarian
santa teresa 1796 (Venezuela),,Mediterranean,Vegetarian
Curry Shrimp,Tender shrimp in a rich and aromatic curry sauce.,Chinese,Non-Vegetarian
36-Hour Pork Ribs,"jalapeo, molasses, fries",American,Non-Vegetarian
Chicken Soup,Served with pita bread.,Mediterranean,Non-Vegetarian
Samosa Chat,"Base of samosas with chickpeas topped with tamarind sauce, mint sauce and yogurt",Indian,Vegetarian
Baked Brie,"Apricot compote, roasted pepitas, roasted garlic, sage, toast",American,Vegetarian
Dal Tadka,Mixture of yellow lentils (in India the cant live without it),Indian,Vegetarian
Fried Rice with Preserved Vegetable,With egg.,Chinese,Vegetarian
Spinach,"Mediterranean flatbread topped with fresh spinach, onions, sumac, and spices folded into a triangle",Mediterranean,Vegetarian
Clam Chowder (Lunch/Brunch),"geoduck, clams, bacon, celery, cream",American,Non-Vegetarian
Soda (Diet Coke),,Thai,Vegetarian
Bhindi Masala,Gently seasoned okra sauted with onions and tomatoes.,Indian,Vegetarian
Poori Chole,4B.,Indian,Vegetarian
Kids Spaghetti,,Mediterranean,Vegetarian
Grilled Chicken Breast (Children Only),With steamed veggies,Italian,Non-Vegetarian
Italian Salad,,Italian,Vegetarian
Rosas,"rose, raspberry, guava, ginger, lime, carbonation",Mexican,Vegetarian
Vegetarian Combination Pick Three,"(A) Bean Burrito, (B) Rice Burrito, (C) Cheese Enchilada, (D) Spinach Enchilada, (E) Bean Enchilada, (F) Chalupa, (H) Chile Relleno, (I) Bean Quesadilla, (J) Cheese Quesadilla. Served with Mexican rice and beans.",Mexican,Vegetarian
lasagna,"fresh egg pasta, bolognese sauce, garlic cream, ricotta, provolone, parmesan, mozzarella",Italian,Non-Vegetarian
Pumpkin Mocha Martini,"new amsterdam vodka, pumpkin spice rumchata, owen's nitro-infused espresso, crme de cacao, pumpkin spice",American,Vegetarian
BABY BACK RIBS (Full),Sweet and tangy BBQ sauce. your choice of two sides.,American,Non-Vegetarian
Kids Orange Chicken,Includes cream cheese wonton (1) and ham fried rice,Chinese,Non-Vegetarian
Kadai Chicken,"Chicken cooked in garlic, ginger, green peppers, fresh coriander, onions, and serrano chillies",Indian,Non-Vegetarian
Vanilla Ice Cream,,Chinese,Vegetarian
Baba Ganouge,"A smoky dip hand-mashed with fire-roasted eggplant, fresh garlic, tahini, lemon juice and extra virgin olive oil.",Mediterranean,Vegetarian
Maple French Toast,"WHIPPED CREAM, SEASONAL FRUIT V",American,Vegetarian
TIN LIZZYS CLASSIC MARGARITA,"blanco tequila, agavero, citrus mix",Mexican,Vegetarian
Chicken Cream Chops,,Mediterranean,Non-Vegetarian
10' gluten-free cheese pizza,"8 slices, starts with all-natural flour for our dough (absolutely no bleach or bromates), california sun-ripened tomatoes and herbs for our sauce, with the finest domestic and italian cheeses",Italian,Vegetarian
Fried Rice Party Tray Special,,Chinese,Vegetarian
Angora White,- (Glass),Mediterranean,Vegetarian
100 Mongolian Beef,with White Rice,Chinese,Non-Vegetarian
Ginger Zinger,"Lemon, Ginger, Honey, Calabrian Chili",Italian,Vegetarian
Organic Mixed Greens,"Pine Nuts, Cherry Tomatoes, Champagne Vinaigrette",American,Vegetarian
Chef's Naan Basket,"Mixture of plain naan, garlic naan & Cheese naan.",Indian,Vegetarian
Seared Scallops,"asparagus, pancetta, crispy shallot, sweet corn risotto, calabrian vinaigrette",Italian,Non-Vegetarian
Spicy Cilantro Chilly Margarita,"Souza Gold Tequila, Fresh Cilantro, Indian Chilies, Triple Sec, Sour Mix.",Indian,Vegetarian
N7 - Pad Thai Wood Sen,"stir-fried glass noodles, bean sprouts, egg,with Thai homemade sweet and sour tamarind sauce and top with roasted ground peanut, green onion,cilantro and lime. protein options.",Thai,Vegetarian
PIZZA MARGHERITA,"V | San Marzano Tomatoes, Italian Mozzarella, Basil",American,Vegetarian
SALTY LASSI,Homemade yogurt drink made with salt.,Indian,Vegetarian
Shrimp w. Broccoli,"Each Plate w. Egg Roll Option: Brown Rice, White Rice or Fried Rice",Chinese,Non-Vegetarian
20. Augusta's Especial,"Choice of Enchilada, crispy chips covered with melted cheese. Served with rice & beans, shredded lettuce, tomatoes, topped with Ranch dressing",Mexican,Vegetarian
Domain Chandon Blanc de Noir,Carneros,Italian,Vegetarian
"SAUVIGNON BLANCE Oyster Bay, NZ (Glass)",,Thai,Vegetarian
Veggie Ranchero,Our Ranchero sauce w/extra potatoes. Served w/rice and 2 tortillas.,Mexican,Vegetarian
"Cabernet Franc, Chardonnay Domaine de la Chanteleuserie, Fines Bulles, Loire Valley, France, NV",,Mediterranean,Vegetarian
House Rosemary Bread VGN,"homemade with rosemary, garlic, italian spices, extra virgin olive oil served w/ whipped butter (449 CAL)",Mediterranean,Vegetarian
FRIES Side,,Italian,Vegetarian
Nonna's Lasagna,"Bolognese bechamel, parmigiano reggiano.",Italian,Non-Vegetarian
Lotus Root on Rice,Lotus roots served with various assorted meats.,Chinese,Non-Vegetarian
Side Falafel,5 Patties served with Tahini Sauce.,Mediterranean,Vegetarian
Aperol Spritz,"Aperol aperitif, prosecc & orange slice",Italian,Vegetarian
Sausage & Peppers,"Sweet Italian Sausage, Toasted Peppers & Onions, Marinara Sauce, On A Toasted Hero Roll",Italian,Non-Vegetarian
Gobi Manchuria,Cauliflower deep fried and sauteed with spicy sauce.,Indian,Vegetarian
GINGER LOVER - Beef,"A choice of Beef with black mushroom, straw mushroom, yellow onion, green onion, bell pepper and ginger strips in house sauce.",Thai,Non-Vegetarian
Shrimp Tempura (6pcs),"A Japanese-inspired dish featuring succulent shrimps coated in a light, crispy batter and deep-fried until golden. Served with ginger soy sauce.",Thai,Non-Vegetarian
Tikka Masala,,Chinese,Vegetarian
RAVIOLES NOVECENTO,"Ham and cheese stuffed pasta, creamy pink & basil sauce",Italian,Non-Vegetarian
Pad Woon Sen Seafood,"Sauteed bean thread noodles, egg, onion, tomato, Chinese celery and ear mushrooms.",Thai,Non-Vegetarian
Omelette Paratha,"Crispy, flaky, and buttery layered flatbread paired with a soft cooked veggie omelette",Indian,Vegetarian
Espresso Crme Brul,Topped With Espresso Beans,American,Vegetarian
Egg Fried Rice,,Chinese,Vegetarian
Basil Fried Rice,"Stir-fried rice with bell peppers, onion, mushroom, jalapeno, basil. Spicy.",Thai,Vegetarian
4 Jack O Lantern Cakes,"Pumpkin pancakes with mixed berry jam, whipped cream topping, & candied pecans",American,Vegetarian
Huevos con chorizo,,Mexican,Non-Vegetarian
Jamaica,,Mexican,Vegetarian
Chicken & Corn,,Chinese,Non-Vegetarian
Shrimp Egg Foo Young (Dinner),,Chinese,Non-Vegetarian
Aloo Gobi,Fresh cauliflower & sauteed potatoes cooked dry with spices & tomato.,Indian,Vegetarian
Diced Chicken w. Almond (Qt.),w. White Rice,Chinese,Non-Vegetarian
S16. Double Delicacy in Garlic Sauce,"Mixed vegetables, chicken, shrimp in garlic sauce",Chinese,Non-Vegetarian
Patrn Gran Burdeos Extra Aejo Tequila,Extra Aejo Tequila.,Mexican,Vegetarian
Lamb Sagg (Medium Tray),,Indian,Non-Vegetarian
Vegetarian Chicken Malai Kebab ROTI,"Tandoori Chicken breast marinated in ginger, green chilies, and coriander.",Indian,Non-Vegetarian
Beans Full (Catering),,Mexican,Vegetarian
Jefferson Reserve,,Indian,Vegetarian
Faroe Island Salmon,"Pesto tossed corn, avocado, shishito peppers and heirloom cherry tomatoes, lemon butter, crispy capers.",American,Non-Vegetarian
Payolli Chicken,"chicken wings, roasted cashews, southern spices, curry leaves, cilantro",Indian,Non-Vegetarian
Beef with Cashew Nuts,House special. Stir-fried.,Chinese,Non-Vegetarian
"43. Chili Jam Shrimp, Seafood or Combo of Chicken, Beef and Pork","Sauted onions, scallions, carrots, and bell peppers in a Thai chili paste sauce",Thai,Non-Vegetarian
Crab Cakes,"jumbo lump blue crab, whole-grain mustard beurre blanc, coleslaw, french fries",American,Non-Vegetarian
Trio Pad Ped,"Sauteed pumpkin, eggplant and tofu in fresh chili, garlic and basil.",Thai,Vegetarian
Flautas (Catering),"3 Crispy flour tortillas stuffed with chicken, cheese, roasted salsa, jalapeno, and lime.",Mexican,Non-Vegetarian
Pork Lo Mein Tray,,Chinese,Non-Vegetarian
Triple Delight Pan Fried Noodle,,Chinese,Vegetarian
Trent Burger,"Bacon cheese burger on wheat toast with grilled onions, avocado, lettuce, and tomatoes. Served with fries or salad and soda.",Mexican,Non-Vegetarian
THAI STYLE FRIED RICE,"Thai traditional Fried Rice with egg, onions, scallions, tomato, cilantro, and lime (chicken, tofu, VEG/beef+$2, shrimp+$2).",Thai,Non-Vegetarian
CHICKEN SANDWICH,"Chicken breast grilled, breaded, or blackened with lettuce, tomato and mayo on a toasted knot bun.",American,Non-Vegetarian
Sticky Toffee Cake,"salted caramel sauce, whipped sour cream, candied orange zest",Italian,Vegetarian
Pad Thai,,Thai,Vegetarian
Fresh Rolls,"Rice paper rolls with vermicelli, veggies, and shrimp served with house dipping sauce.",Thai,Non-Vegetarian
Ham and Cheese Mana'ish,"Cheese, topped with sliced premium ham.",Mediterranean,Non-Vegetarian
2 Krab Cakes,,American,Non-Vegetarian
Moh Sandwich (mild/med/hot/Super-Hot),"Grilled Chicken, Lettuce, Tomato, Onion, Jalapeño & Tikka Masala Cheese wrapped with Texas Bread.",Indian,Non-Vegetarian
ALOIS LAGEDER PINOT GRIGIO,ITALY,American,Vegetarian
Garlic Fried Rice Pork,"Minced garlic, yellow and green onion, cilantro and egg. (VG/GF)",Thai,Non-Vegetarian
Ma Po Tofu (Soft Tofu),,Chinese,Vegetarian
Cashew Chicken,,Chinese,Non-Vegetarian
Shish Taouk (Chicken Kabob),Charbroiled skewered cubes of marinated chicken breast.,Mediterranean,Non-Vegetarian
Ceviche Aguachile,"Shrimp, fish, octopus, aguachile dressing, pico de pepino",Mexican,Non-Vegetarian
Short Rib Grilled Cheese,"pulled short rib, bacon jam, Swiss, American, cheddar, roasted jalapeno",American,Non-Vegetarian
1 Beef 1 Chicken Kabob,"come with rice or couscous , pita , sauce",Mediterranean,Non-Vegetarian
MACCHIATO,,Italian,Vegetarian
Teriyaki Chicken,,Chinese,Non-Vegetarian
Pad Prik King with Shrimp,"Stir-fried chopped long beans, bell pepper, onion, and Thai Basil in red curry paste.",Thai,Non-Vegetarian
Pepperoni & Pepperoni - Regular Crust (8 Slices),"Tomato sauce, mozzarella, layers of Old World pepperoni",Italian,Non-Vegetarian
BBQ Baby Back Ribs,"Coleslaw, French Fries",American,Non-Vegetarian
Chef's Special Gazab Ki Galoti,"Unleash a burst of royal flavors with Gazab Ki Galoti?a culinary masterpiece featuring succulent minced meat patties, delicately spiced and",Indian,Non-Vegetarian
Szechuan Chicken (Dinner Combination),,Chinese,Non-Vegetarian
ARAK LE BRUN Lebanon Glass,,Mediterranean,Vegetarian
Breakfast Burrito Ham (with chile inside),"Packed with fried potatoes, eggs and cheese.",Mexican,Non-Vegetarian
CLAY PIT MANGO-TINI,Vodka with mangos and vermouth.,Indian,Vegetarian
Kao Ka Praow,Your choice of protein. ,Thai,Vegetarian
Beef Udon with Black Pepper Sauce,"Sauted Japanese udon with beef, bell pepper, onion in black pepper sauce",Chinese,Non-Vegetarian
Thin Crust Whole Topping (Medium 12),,Italian,Vegetarian
123 Reposado Tequila,Reposado tequila.,Mexican,Vegetarian
Yellow Curry,,Thai,Vegetarian
PAD WOON SEN WOK Beef,"Stir-Fried Glass Noodles, Egg, Cabbage, Carrot, Green Onion and your Choice of Meat",Thai,Non-Vegetarian
Crispy Taco,"Crispy taco shell filled with your choice of meat, lettuce, sour cream, cheese, and salsa.",Mexican,Non-Vegetarian
Jose Cuervo La Familia,(Tequila),Mediterranean,Vegetarian
Veg. Chow Mei Fun (S.),Rice Noodles (S.),Chinese,Vegetarian
"Tortas Carne Asada, Chicken, Pastor, Barbacoa, Tinga, Chilorio","All served with mayo, cheese, lettuce, refried beans, tomatoes.",Mexican,Non-Vegetarian
Fish Pakauda (8),"Boneless Fish Mixed In Chickpea Flour, Deep Fried In Hot Oil.",Indian,Non-Vegetarian
Wlfer Estate Summer In A Bottle (Glass),"Long Island, NY, 2024",Mediterranean,Vegetarian
Tom yum Cup Chicken,Hot and Sour lemongrass soup with mushroom and tomato cilantro green onion,Thai,Non-Vegetarian
Chicken Seekh Kabab,"3 pieces. Ground chicken, cardamom, cloves, and garlic, served on skewers.",Indian,Non-Vegetarian
Sesame Chicken (spicy),"A spicy twist on a classic favorite. Crispy chicken bites tossed in a bold, spicy sesame sauce, sprinkled with toasted sesame seeds.",Chinese,Non-Vegetarian
Refritos Tostada,,Mexican,Vegetarian
Partida Elegante Extra Aejo Tequila,Extra Aejo Tequila.,Mexican,Vegetarian
Moo Goo Gai Pan,,Chinese,Non-Vegetarian
Kapow (Ground Chicken or Ground Pork) Dinner,Sauted choice of meat with Thai peppers and hot basil leaves in chili garlic sauce.,Thai,Non-Vegetarian
Resposados/Rested (Gran Centenario),"Aged a minimum of two months and up to eleven months. These tequilas have a mellow taste and gold color, somewhat smooth and not too harsh.",Mexican,Vegetarian
CAESAR SALAD*,"preserved lemon, crouton, anchovy",Italian,Non-Vegetarian
Lemon Chicken,"Crispy fried chicken, lightly coated with flour and deep fried to a golden crisp and tossed in a tangy lemon sauce.",Chinese,Non-Vegetarian
Fried Corn,Fried organic corn with sweet chilli sauce.,Thai,Vegetarian
Fish Chettinad,A lovely flavorful Mahi Mahi fish curry made by toasting aromatic spices with coconut. Served with white rice.,Indian,Non-Vegetarian
Wings (5),"tossed in your choice of sauce. Choose from Parmesan Garlic, Traditional Hot, Calabrian, Creamy Calabrian, or Ghost Chili",Italian,Non-Vegetarian
Hum Tum,"Sunny-side-up eggs topped with different gravies and bold Indian spices, topped with sesame seed & cumin tadka",Indian,Vegetarian
Kerwee Ambassador (7 Oz.),"australian wagyu, roasted tomato demi, duck fat pommes paillasson",Italian,Non-Vegetarian
FISH & CHIPS,"Big Lug beer battered Atlantic cod filets fried and served with tartar sauce, hand-cut fries, and your choice of one side.",American,Non-Vegetarian
Shrimp Pad Thai,,Chinese,Non-Vegetarian
Mixed Fajitas,"Steak, Chicken & Shrimp Grilled with Onion, Tomatoes & Bell Peppers. Served with a Side of Rice, Beans & Tortillas",Mexican,Non-Vegetarian
"Dumol, Syrah '19",Russian River,American,Vegetarian
CHORIZO & CORN GUACAMOLE,"Mexican Chorizo, Street Corn, Queso Cotija",Mexican,Non-Vegetarian
Baba Ghanouj to Share,"A smooth blend of ground eggplant, garlic and tahini sauce topped with olive oil. Served with grilled pita.",Mediterranean,Vegetarian
General Tso's Chicken (Dinner Combination),"Crispy chunks of chicken sauteed with steamed broccoli in a special tangy sauce, Served w. Pork Fried Rice & Egg Roll",Chinese,Non-Vegetarian
"alkaras Pasaeli, Seahorse, Aegean, Turkey, 2022",,Mediterranean,Vegetarian
ENCHILADAS,"Rolled corn tortillas with sour cream, queso fresco, avocado, onions and radish. Comes with a side of rice and beans Stuffed with choice of chicken, pork or vegetables Choice of red or green sauce",Mexican,Vegetarian
Poppi Raspberry Rose,-,Mediterranean,Vegetarian
Vegetarian Thali,"A Thali is a way of serving Indian meal with well-balanced dishes that include rice, dal, vegetables, flat bread, raita, mixed pickle, papadam and sweet dish",Indian,Vegetarian
Thai Custard with Sweet Sticky Rice,,Thai,Vegetarian
CARAJILLO,"licor 43, espresso",American,Vegetarian
Egg Rolls (2),,Chinese,Vegetarian
"Le Petit Verre Bubbly Rose, Argentina Organic Bottle",,Indian,Vegetarian
Espresso,,Italian,Vegetarian
Cucumber Salad,Fresh cucumber with homemade dressing; topped with red onion and carrots.,Thai,Vegetarian
Catfish Basket,"Hand breaded perfectly seasoned catfish fried golden brown, served with fries.",Mexican,Non-Vegetarian
Grilled Quesadilla,"Tortilla stuffed with salsa and cheddar cheese with your choice of black beans or chicken, along with lettuce, sour cream, tomatoes and green onions on the side",American,Vegetarian
Spiced Espresso Martini,"seedlip spice 94, espresso, vanilla nectar",American,Vegetarian
Jack Daniel's Tennessee Whiskey,,Mexican,Vegetarian
Beef with Curry Sauce,Tender beef in a rich and flavorful curry sauce.,Chinese,Non-Vegetarian
Tacos Chicharron,,Mexican,Non-Vegetarian
2024 Peyrassol Le Croix Rose (Drinks),,Italian,Vegetarian
RED SEA CURRY (Chicken or Pork),"Choice of meat cooked in a mixture of hot & spicy red curry sauce, coconut milk, bamboo shoot, seasonal vegetables & fresh basil leaves.",Thai,Non-Vegetarian
56. Beef w. Broccoli,,Chinese,Non-Vegetarian
Gluten-Free Prime Burger,"gluten-free bun, kennebec fries, house-made giardiniera, choice of aged white cheddar, wisconsin swiss or havarti",American,Vegetarian
"Panang Curry (S) Combo (Chicken, Beef, Shrimp)",Green bean simmered in slightly sweet and creamy Panang curry.,Thai,Non-Vegetarian
Salmn a la Parrilla (Large Plates),"grilled scottish salmon, cilantro pesto, roasted red pepper sauce, cilantro lime rice, grilled vegetables",Mexican,Non-Vegetarian
SINGLE TAMALE MOLE,(CONTAINS NUTS),Mexican,Vegetarian
SPINACH BORAK (1/2 Dozen),"A seasoned mixture of spinach, onions, sumac, and lemon juice; stuffed in our special dough and baked in our wood-fired oven.",Mediterranean,Vegetarian
Sambar Soup,Lentil soup with mixed vegetables and tamarind,Indian,Vegetarian
YUM CALAMARI,"Calamari with cilantro, onions, tomatoes in a spicy lime dressing.",Thai,Non-Vegetarian
Beef Kebab,"Two skewers, ground beef mixed with lamb seasoned with onions and spices",Mediterranean,Non-Vegetarian
Mexican Caesar,"Romaine lettuce tossed in Caesar dressing, topped with roasted corn, pepitas, queso fresco, pico de gallo, avocados & chicken fajita.",Mexican,Non-Vegetarian
"Green Curry Shrimp, Beef, Squid or Fish Filet","Slightly sweet green chili based curry w/ bamboo shoots & eggplant, peas, & carrots",Thai,Non-Vegetarian
Egg Masala,,Indian,Vegetarian
81. Szechuan Chicken (L),,Chinese,Non-Vegetarian
Gin & Vodka Tonic,"Tonic water, flavors, Gin or Vodka",Mediterranean,Vegetarian
Open Sesame Salad (Catering Small),"Green leaf lettuce, tomato, cucumber, green onion, parsley, bell pepper, radish, mint, olives, feta, house dressing",Mediterranean,Vegetarian
CHEESE PLATE,,Italian,Vegetarian
Kids Pasta,Buttered Noodles and parmesan,American,Vegetarian
Tartar di Carne Piemontese,hand cut tartar of piemontese beef,Italian,Non-Vegetarian
Chicken Shawarma Pizza,"Tender chicken shawarma on a crispy pizza crust, topped with fresh tomatoes, onions, and olives.",Mediterranean,Non-Vegetarian
Coke,Bottle.,Chinese,Vegetarian
RAVIOLI QUATTRO FORMAGGIO,"Ricotta, pecorino, parmesan and mozzarella cheeses, Pomodoro sauce or Gorgonzola cream with toasted walnuts",Italian,Vegetarian
Basil Fried Rice,"Choice of chicken, tofu, or shrimp, with basil, onions and carrots.",Thai,Vegetarian
VEGETABLE MAKHANI,A variety of fresh vegetables cooked in fresh tomato sauce,Indian,Vegetarian
Chicken Masala (GF),,Indian,Non-Vegetarian
BROCCOLI WITH BEAN SPROUTS IN GARLIC AND BLACK BEAN SAUCE,,Thai,Vegetarian
Any Paneer Dish 1 Lb,,Indian,Vegetarian
Saag Gosht,"Tender pieces of lamb slow-cooked in a fragrant blend of mustard greens and spices, offering a rich, hearty, and unforgettable flavor",Indian,Non-Vegetarian
Lamb Chop Bowl,"Four lamb chops marinated in our signature blend of spices. Served on tannour bread with rice pilaf, veggies and served with tzatziki sauce on the side.",Mediterranean,Non-Vegetarian
STEAMED CHICKEN MOMOS,Steamed dumplings with seasoned ground chicken filling served with tomato-cilantro sauce.,Indian,Non-Vegetarian
Beef a Cavalo,"Beef cut topped with two fried eggs. Served with rice, black beans, farofa & your choice of French fries or salad.",American,Non-Vegetarian
House Blend Burger,"Lettuce, Tomato, Sharp Cheddar, Pickle, Russian Dressing, Fries",American,Non-Vegetarian
THAI FRIED RICE (SEAFOOD OR FISH),"Rice fried with egg, onion, tomato, green onions and Thai spices. Topped with cilantro and served with slices of cucumber.",Thai,Non-Vegetarian
Panang Shrimp / Panang Goong,"With cumin, kaffir lime, peanuts & Panang curry",Thai,Non-Vegetarian
Spinach Uttappam,"Uttappam with spinach, onions, and tomatoes sprinkled with cilantro.",Indian,Vegetarian
Australian Fry,Boiled eggs cooked with tomato gravy topped with cheese,Indian,Vegetarian
KORMA,"CHICKEN: Mildly spiced, cooked with cashew and onion gravy.",Indian,Non-Vegetarian
KANG KAREE,"Yellow curry with potatoes, carrots and yellow onion.",Thai,Vegetarian
Mango Shrimp,"Shrimp Cooked with fresh mango,creamy onion tomato sauce moderately spiced.",Indian,Non-Vegetarian
Methi Chaman,A delicious Indian dish of fresh pureed methi and cooked with few spices,Chinese,Vegetarian
HOT HERBAL TEA,,Thai,Vegetarian
Guay Tiew Ruer Nuer Sod,"Noodles with sliced rare beef, spinach a nd be an sprouts in beef soup",Thai,Non-Vegetarian
Hummus,"Pured chickpeas, tahini, lemon juice",Mediterranean,Vegetarian
Steamed Jumbo Shrimp with Broccoli,Served with Steam Rice Brown Sauce on the side,Chinese,Non-Vegetarian
GRILLED QUESADILLAS Fajita Chicken Half,"Filled with Cheddar, Monterey Jack Cheese and Pico de Gallo. Served with Guacamole and Sour Cream.",Mexican,Non-Vegetarian
Sausage Pizza 12' (Dinner),"Fresh mozzarella, tomato sauce, and sausage.",Italian,Non-Vegetarian
House Salad,"A mix of lettuce, tomato, onion, cucumber and our own dressing.",Mediterranean,Vegetarian
BENGAL TEA,"Barenjger Liqueur, Darjeeling & hot spiced tea",Indian,Vegetarian
Pad Thai,,Thai,Vegetarian
VINAIGRETTE SALAD (feeds eight),,Italian,Vegetarian
Chili Roasted Cauliflower,"pea tendrils, davinia tomatoes, purple cauliflower puree, lemon quinoa, chive piston",American,Vegetarian
Sizzling Cha Cha Cha,"Boiled shrimp, scallops, squid, and mussel stir fried with young green Thai peppercorns, bell peppers, basil leaves, finger root, and eggplants on a sizzling hot plate served with steamed rice",Thai,Non-Vegetarian
Montepulciano d'Abruzzo Umani Ronchi 2023 Abruzzo 75cl,Red,Italian,Vegetarian
Fried Tofu Fried Rice,Stir fried rice with bean curd.,Thai,Vegetarian
chicken fajita,marinated chicken seared w/onions & peppers,Mexican,Non-Vegetarian
Jumbo Shrimp Cocktail,"Perfectly cooked and chilled jumbo shrimp served with cocktail sauce, horseradish and lemon",Italian,Non-Vegetarian
BLT,"grilled ciabatta, bacon, fried egg, tomato, arugula, aioli",Italian,Non-Vegetarian
Heirloom Tomatoes,"crme frache panna cotta, cherry pit vinaigrette, fried garlic, basil, chives",American,Vegetarian
Moo Shu Chicken with 4 Pancakes,"Diced chicken, eggs, cabbage, wood ears, carrots, onion, bamboo shoot, scallion, served with 4 pancakes and plum sauce (25 cents per additional pancake)",Chinese,Non-Vegetarian
Plain Dosa,"South Indian-style fermented rice/lentil batter. Served with Coconut Chutney or Peanut Chutney, Tomato Chutney and sambar (Lentil Soup).",Indian,Vegetarian
HOMEMADE RICE PUDDING,(280 cal),Mediterranean,Vegetarian
Shrimp w. Snow Peas (Pt),w. White Rice,Chinese,Non-Vegetarian
"Spicy Pat Ped (Chicken, Beef or Pork)","Sauted in our sizzling wok flavored w/chili, garlic, onions, bell peppers, bamboo shoots, mushrooms, long beans & fresh basils.",Thai,Non-Vegetarian
Soft Taco Beef or Chicken (Three),,Mexican,Non-Vegetarian
Tzatziki (Side),,Mediterranean,Vegetarian
Chicken with Broccoli Party Tray,,Chinese,Non-Vegetarian
Pongal Vada Combo,1 piece medu vada & pongal,Indian,Vegetarian
Mixed Veg.Pokora,Fritters of assorted fresh vegetables gently seasoned and fried in a bason or chickpeas batter.,Indian,Vegetarian
Fresh Young Coconut,,American,Vegetarian