dish_name,description,cuisine,Actual_Diet,Predicted_Diet,Source
Sautéed Bok Choy with Garlic,"Fresh bok choy is quickly sautéed with fragrant garlic in a light sauce, preserving its crisp texture and mild flavor.",Chinese,Vegetarian,Non-Vegetarian,Synthetic
Shehenshahi Parsi Keema Pulao Recipe,Parsi Cuisine is a mix of vegetarian and non vegetarian food that is influenced by Gujarati and Iranian Cuisine. Parsi food is undoubtedly a meat lovers paradise. Shehenshahi Keema Pulao is one of the many amazing delicacies that belong to this Parsi Food Community and brings out some authentic flavours that are inspired by Persia.,Indian,Non-Vegetarian,Vegetarian,Synthetic
Brazil nut burritos,"50g Brazil nuts, roughly chopped large handful kale, woody stalks removed and leaves shredded 1 lime, juiced 4 large or 8 small wholemeal tortilla wraps Â½ pack coriander spiced tomato rice(see <a href='https://www.bbcgoodfood.com/recipes/tomato-burrito-rice'>our recipe</a>) refried beans(see <a href='https://www.bbcgoodfood.com/recipes/brazil-nut-refried-beans'>our recipe with Brazil nuts</a>) 1 yellow pepper, sliced 1 avocado, sliced (optional) hot sauce, to serve 150g cream cheese 50ml milk",Mexican,Vegetarian,Non-Vegetarian,Synthetic
Loaded Baked Potatoes,"Fluffy baked potatoes split open and generously topped with sour cream, shredded cheese, chives, and often vegetarian bacon bits.",American,Vegetarian,Non-Vegetarian,Synthetic
Clam  chorizo & white bean stew,"50g chorizo, diced 1 onion, finely chopped 1 garlic clove, crushed small bunch flat-leaf parsley, Â½ finely chopped, Â½ roughly chopped 200ml hot stock, fish or vegetable 400g can chopped tomatoes 400g can butter beansor white beans, rinsed and drained 1 tsp sherry vinegar 600g clams, cleaned crusty bread, to serve",Other,Non-Vegetarian,Vegetarian,Synthetic
Mushroom Risotto Seafood,"This mushroom risotto is seafood-free, making it safe for seafood allergy patients. Shrimp or chicken can be added as a non-veg alternative.",Italian,Vegetarian,Non-Vegetarian,Synthetic
Breakfast Banana Smoothie With Toast,This diet plan is vegetarian as it contains no meat or seafood and includes plant-based ingredients.,Universal,Vegetarian,Non-Vegetarian,Synthetic
SHRIMP SMOTHERED FRIES,French fries smothered in green chile.,Mexican,Non-Vegetarian,Vegetarian,Yelp
"Spaghetti Linny Ray's Sauce, Pecorino cheese, basil",,Italian,Vegetarian,Non-Vegetarian,Yelp
"ASSAM PEDAS w/ SQUID, INDONESIAN GRILLED SHRIMP or FLOUNDER FILLET",with tomatoes & bamboo shoots in tamarind broth,Thai,Non-Vegetarian,Vegetarian,Yelp
Ahi Tuna Tartare,"Harissa Aioli, Espelette Pepper, Chive, Avocado, Lime",Mediterranean,Non-Vegetarian,Vegetarian,Yelp
"Drunken Noodle Vegetable, Tofu, Chicken or Pork","Stir fried flat rice noodle with chili, egg, red & green bell pepper, onion, garlic, and basil leaves.",Thai,Vegetarian,Non-Vegetarian,Yelp
CHICKEN SAUSAGE,,American,Non-Vegetarian,Vegetarian,Yelp
Soup Du Jour,Chef's House-made Daily Offering,American,Non-Vegetarian,Vegetarian,Yelp
TL01. Khao Pad (Fried Rice),"Thai style fried rice with choice of meat, onion, garlic, green onion, carrot, egg, and tomato",Thai,Non-Vegetarian,Vegetarian,Yelp
Pasta alfredo,Homemaid alfredo sauce.,Mediterranean,Vegetarian,Non-Vegetarian,Yelp
Kebab (2),No description.,Mediterranean,Non-Vegetarian,Vegetarian,Yelp
EXTRA CALAMARI,,Thai,Non-Vegetarian,Vegetarian,Yelp
CHORIZO & CORN GUACAMOLE,"Mexican Chorizo, Street Corn, Queso Cotija",Mexican,Non-Vegetarian,Vegetarian,Yelp
Tacos Chicharron,,Mexican,Non-Vegetarian,Vegetarian,Yelp
YUM CALAMARI,"Calamari with cilantro, onions, tomatoes in a spicy lime dressing.",Thai,Vegetarian,Non-Vegetarian,Yelp
House Blend Burger,"Lettuce, Tomato, Sharp Cheddar, Pickle, Russian Dressing, Fries",American,Non-Vegetarian,Vegetarian,Yelp
THAI FRIED RICE (SEAFOOD OR FISH),"Rice fried with egg, onion, tomato, green onions and Thai spices. Topped with cilantro and served with slices of cucumber.",Thai,Non-Vegetarian,Vegetarian,Yelp
Veggie Cioppino,"A hearty soup made with vegetables such as clams, seafood, potatoes, and white wine. It's topped with breadcrumbs, garlic, and herbs for extra flavor. Calories: 360 (25g fat, 70g carbohydrates)",Italian,Non-Vegetarian,Vegetarian,Synthetic
Waffles,"Batter-based cakes cooked in a waffle iron, characterized by their distinctive grid pattern and often served with sweet toppings.",American,Vegetarian,Non-Vegetarian,Synthetic
Grilled Trout,"This gluten-free trout recipe is rich in omega-3 fatty acids, making it ideal for those with celiac disease.",Universal,Non-Vegetarian,Vegetarian,Synthetic
Coniglio all'Ischitana,"Rabbit cooked 'Ischia style' with tomatoes, garlic, white wine, and aromatic herbs like basil and marjoram.",Italian,Non-Vegetarian,Vegetarian,Synthetic
काले और मशरुम फ्रेंच सूप रेसिपी - Kale And Mushroom French Soup Recipe,"जब आप सेहतमंद सूप बनाना चाहते है तो काले और मशरुम फ्रेंच सूप को जरूर बनाए। इसमें काले के पत्तोका इस्तेमाल किया जाता है जो की एंटीऑक्सिडेंट्स में रिच होते है और इनमे विटामिन A और K की मात्रा भी अधिक होती है. सर्दियों या बारिश के दिनों में इसे बनानेऔर इसका आनंद ले.   को गार्लिक ब्रेड और फेटूचीनी पास्ता विथ टोमेटो सॉस के साथ रात के खाने के लिए परोसे. अगर आपको यह रेसिपी पसंद है, तोह आप यह भी बना सकते है,",Continental,Vegetarian,Non-Vegetarian,Synthetic
Ossobuco alla Milanese,"Braised veal shanks cooked with vegetables, white wine, and broth, often garnished with gremolata.",Italian,Non-Vegetarian,Vegetarian,Synthetic
Sushi burrito,"150g sushi rice 2 tsp rice wine vinegar Â½ cucumber, cut into matchsticks 1 carrot, cut into matchsticks 1 tbsp soy sauce 4 norisheets 2 tsp wasabipaste 50g pickled ginger, finely chopped 1 lime, juiced 2 very ripe avocados, halved, stoned, peeled and sliced 200g sushi grade tuna steak, sliced small pack coriander, leaves picked",Japanese,Non-Vegetarian,Vegetarian,Synthetic
Pad Phuk Tong (Stir-fried Pumpkin),"A simple yet delicious stir-fry featuring tender pumpkin pieces, garlic, and a savory sauce, often with added egg or tofu for protein.",Thai,Vegetarian,Non-Vegetarian,Synthetic
Vegetarian Mild Spinach Lunch Salad,"A hearty lunch salad made with spinach leaves, roasted chickpeas, sliced avocado, and a light vinaigrette drizzle. High in protein (20g), fat (14g), carbohydrates (7g), and common allergens (dairy, gluten, nuts, shellfish).",Continental,Non-Vegetarian,Vegetarian,Synthetic
Breakfast Scrambled Eggs With Toast,This diet plan is vegetarian as it includes eggs and cheese but no meat or fish.,Universal,Vegetarian,Non-Vegetarian,Synthetic
Scarlet Scallops with Cream Sauce,"A delicious and healthy dinner option featuring scallops stuffed with cream sauce, roasted mushrooms, and baby spinach. This dish is packed with protein, fiber, and vitamins that will leave you feeling full and satisfied after a satisfying meal.",Italian,Non-Vegetarian,Vegetarian,Synthetic
Protein Fingers Recipe,"Here's a very simple and delicious way to feed your family protein and it's super quick to make too! All you need is your favourite protein, the marinade and a griller and that's it! You can eat these as a snack! You could put them inside a tortilla and throw in your choice of sauces and vegetables and you have yourself a nice tortilla roll! You could simply crumble them and stuff them inside two tortillas and some cheddar cheese, grill it and you have yourself a yummy and crispy Quesadilla. You could crumble them, stuff them inside a burger, line it with some tomatoes and lettuce, add a slice of cheese and a drizzle of mustard will give you a quick burger! Let me stop here and let you make these first and then we can talk about what more we can do with these very versatile protein fingers. Well you could just use the marinate for vegetables as well and make yourself a nice grilled vegetable salad too. Serve Protein Fingers along with   during your dinner time or serve it as a snack in your house parties. If you like this recipe, you can also try other Chicken recipes such as",Continental,Non-Vegetarian,Vegetarian,Synthetic
Spaghetti alle Vongole,"A simple yet flavorful pasta dish featuring spaghetti tossed with fresh clams, garlic, olive oil, and sometimes white wine.",Italian,Non-Vegetarian,Vegetarian,Synthetic
Enchiladas,"V GF | green enchilada sauce, queso fresco, crema, salsa roja | chicken tinga",Mexican,Vegetarian,Non-Vegetarian,Yelp
Paccheri alla Puttanesca,"tomatoes, kalamata olives, capers, red onion tomato sauce",Mediterranean,Vegetarian,Non-Vegetarian,Yelp
Hot Plate Asada,,Mexican,Non-Vegetarian,Vegetarian,Yelp
SESAME CHICKEN,Served with chocie of rice or substitute with lo mein for $2.5,Thai,Non-Vegetarian,Vegetarian,Yelp
BW CHICKEN & SAUSAGE GUMBO (Happy Hour Cup),made from scratch,American,Non-Vegetarian,Vegetarian,Yelp
Tilapia,"comes with rice or couscous + 2 side orders, pita, & sauce",Mediterranean,Non-Vegetarian,Vegetarian,Yelp
peppercorn,Sauce,American,Vegetarian,Non-Vegetarian,Yelp
Gai Tod Kinlen Set,,Thai,Non-Vegetarian,Vegetarian,Yelp
Tacos 4x12,"Four tacos your way—mix meats, add toppings, and dive into bold, street-style flavor.",Mexican,Vegetarian,Non-Vegetarian,Yelp
Langosta Estilo Rosarito,"Deep fried whole lobster garnished with refried black beans, white rice, salsa and hand-made corn tortillas",Mexican,Non-Vegetarian,Vegetarian,Yelp
Two Eggs Any Style,"Two eggs any style, choice of toast, homies with onions 'V'",American,Vegetarian,Non-Vegetarian,Yelp
toast,,Italian,Vegetarian,Non-Vegetarian,Yelp
Caesar Salad Add-On Shrimp,,Mexican,Vegetarian,Non-Vegetarian,Yelp
CHAYOTE XIK (Plant Based),chayote/mogo mogo plantain/tomato confit/xnipec,Mexican,Vegetarian,Non-Vegetarian,Yelp
Baked Brie,"Apricot compote, roasted pepitas, roasted garlic, sage, toast",American,Vegetarian,Non-Vegetarian,Yelp
lasagna,"fresh egg pasta, bolognese sauce, garlic cream, ricotta, provolone, parmesan, mozzarella",Italian,Non-Vegetarian,Vegetarian,Yelp
Chef's Naan Basket,"Mixture of plain naan, garlic naan & Cheese naan.",Indian,Vegetarian,Non-Vegetarian,Yelp
Lotus Root on Rice,Lotus roots served with various assorted meats.,Chinese,Vegetarian,Non-Vegetarian,Yelp
"Dumol, Syrah '19",Russian River,American,Vegetarian,Non-Vegetarian,Yelp
Grilled Quesadilla,"Tortilla stuffed with salsa and cheddar cheese with your choice of black beans or chicken, along with lettuce, sour cream, tomatoes and green onions on the side",American,Vegetarian,Non-Vegetarian,Yelp
Baked Turkey,"Turkey is a lean protein, and this recipe is low in fat, making it easy on the gallbladder.",Universal,Non-Vegetarian,Vegetarian,Synthetic
Mary Go's Veggie Wrap - Classic Kitchen Style,"A vegan lunch option that consists of a fluffy wrap filled with veggies, grilled chicken, and quinoa.",Other,Non-Vegetarian,Vegetarian,Synthetic
Salt and Pepper Squid,"Crispy fried squid seasoned with a flavorful mix of salt, pepper, and sometimes chili flakes, often served with peppers and onions.",Chinese,Non-Vegetarian,Vegetarian,Synthetic
Cauliflower And Potato Mash,This mash is gluten-free and safe for gluten allergy patients. Grilled chicken breast can be added for extra protein.,Universal,Vegetarian,Non-Vegetarian,Synthetic
Gnocchi with parsley  butter & samphire,"900g floury potatoes, roughly the same size or halved if large, unpeeled 50g salted butter 1 medium egg, beaten 225-280g plain white flour 100g salted butter 6 shallots, finely sliced 3 garlic cloves, finely chopped 200g samphire 2 small packs parsley, chopped",French,Non-Vegetarian,Vegetarian,Synthetic
Mussels in White Wine,Mussels in White Wine is non-vegetarian because it uses mussels as the main ingredient.,Universal,Non-Vegetarian,Vegetarian,Synthetic
Megalodon Seafood Meze,"A Mediterranean-inspired lunch box that offers a variety of seafood with fresh vegetables, spices, and toppings like parsley, tzatziki sauce, garlic, olives, and feta cheese. Calories (Kcal): 120",Mediterranean,Non-Vegetarian,Vegetarian,Synthetic
Kale And Mushroom French Soup Recipe,"When you search for hearty soups, look for fresh seasonal vegetables and salad leaves in market. Like all leafy vegetables, Kale leaves are rich in antioxidants that is full of vitamin A and K  and mushroom which gives us Vitamin B and is available in plenty during the months of winter. Try this Recipe of Mushroom And Kale soup to cook with these superfood ingredients. It is light in taste and can be a meal by itself. You can use vegetable broth to make it a vegan soup. Serve Kale And Mushroom French Soup Recipe along with   and   for a complete Sunday meal. If you like this recipe, here are a few more Soup recipe.",Continental,Non-Vegetarian,Vegetarian,Synthetic
Fragrant vegetable & cashew biryani,"500g basmati rice 2 large onions, halved and thinly sliced 4 tbsp sunflower oil thumb-size piece fresh root ginger, shredded 65g sachet korma curry paste (we used Sharwood's) 2 cinnamon sticks 6 green cardamom pods 3 star anise 250g diced potatoes 1 small cauliflower, cut into small florets 250g Greek yogurt 225g frozen peas 2 good pinches saffron Â½ tsp rosewater butter, for greasing 100g roasted, salted cashew nuts 2 onions, halved and very thinly sliced 3 tbsp sunflower oil good handful coriander",Indian,Vegetarian,Non-Vegetarian,Synthetic
Oxtail Stew,Oxtail Stew is non-vegetarian because it uses oxtail as the main ingredient.,Universal,Non-Vegetarian,Vegetarian,Synthetic
Carnitas Quesadilla,,Mexican,Non-Vegetarian,Vegetarian,Yelp
Thai Steamed Mussels (GF),"Steamed mussels,Thai herb, sweet basil in lemongrass broth.",Thai,Non-Vegetarian,Vegetarian,Yelp
birria (add to Queso Fundido),,Mexican,Non-Vegetarian,Vegetarian,Yelp
BEEF TOSTADA (Large),,Mexican,Non-Vegetarian,Vegetarian,Yelp
Nachos con Queso Blanco (add chicken tinga or short rib machaca),,Mexican,Vegetarian,Non-Vegetarian,Yelp
Homemade Soup (Cup 8oz),Made fresh in our kitchen daily,American,Non-Vegetarian,Vegetarian,Yelp
Kah-Tahr poleko(V),"Grilled jackfruit marinated with herbs and spices, served with tomatillo sauce.",Indian,Vegetarian,Non-Vegetarian,Yelp
Veal Parmigiana Sub,,Italian,Non-Vegetarian,Vegetarian,Yelp
MEGA MAZA TRAY,"Hummous, Tabbouli, Fattoush, Baba Ghannouj, Labneh w/Garlic, Iraqi Salad & 4 pcs. Falafel.",Mediterranean,Vegetarian,Non-Vegetarian,Yelp
BRANZINO,"Mediterranean sea bass, oven-roasted cauliflower, beet hummus, pine nuts, cilantro",Italian,Non-Vegetarian,Vegetarian,Yelp
Thai Style Papaya Salad,"Shredded green papaya and carrots with diced tomatoes mixed in a fresh lime, fish sauce dressing, and peanuts dressing. Served with slice of cabbage. Spice level: No Spice (0*), Mild (1*), Medium (2*), Spicy (3*), Very spicy (4*), ZAAP spicy (5*)",Thai,Non-Vegetarian,Vegetarian,Yelp
Classic Caesar,"romaine, croutons, shaved parmesan, house made Caesar dressing",Italian,Vegetarian,Non-Vegetarian,Yelp
Nonna's Lasagna,"Bolognese bechamel, parmigiano reggiano.",Italian,Non-Vegetarian,Vegetarian,Yelp
Huevos con chorizo,,Mexican,Non-Vegetarian,Vegetarian,Yelp
Pepperoni & Pepperoni - Regular Crust (8 Slices),"Tomato sauce, mozzarella, layers of Old World pepperoni",Italian,Non-Vegetarian,Vegetarian,Yelp
Baked Cod With Sweet Potatoes,"Cod is gentle on the stomach, while sweet potatoes are a fiber-rich food that helps soothe the digestive system.",American,Non-Vegetarian,Vegetarian,Synthetic
Yu Xiang Eggplant (Fish-Fragrant Eggplant),"Tender eggplant pieces are braised in a rich, tangy, sweet, and slightly spicy garlic sauce, named for a traditional Sichuan flavor profile.",Chinese,Vegetarian,Non-Vegetarian,Synthetic
Tuna Salad,Tuna Salad is non-vegetarian because it uses tuna as the main ingredient.,Universal,Non-Vegetarian,Vegetarian,Synthetic
हैदराबादी बिरयानी रेसिपी - Hyderabadi Biryani Recipe ,"हैदराबादी बिरयानी रेसिपी पारम्परिक रेसिपी है जो हैदराबाद में बहुत प्रसिद्ध है. आप इसमें चिकन या मटन दोनों का प्रयोग कर सकते है. इस बिरयानी को सप्ताहंत के खाने के लिए बनाए या अपने हाउस पार्टीज के लिए बनाए। स्वाद और फ्लेवर से भरपूर, यह रेसिपी बनाने में आसान है और आप इसे अपने पसंद के सालन या रायते के साथ परोस सकते है.",Indian,Non-Vegetarian,Vegetarian,Synthetic
Chorizo & soft-boiled egg salad,"500g bag baby new potato, halved 4 eggs 225g green bean, trimmed 225g chorizoring, sliced 1 garlic clove, sliced 2 tbsp sherry vinegar 2 tbsp chopped parsley",Other,Non-Vegetarian,Vegetarian,Synthetic
Spanish seafood rice,"1 tbsp olive oil 1 onion, finely chopped 1 red and 1 yellow pepper, deseeded and sliced 2 garlic cloves, sliced 250g paella rice 850ml hot vegetable stock(we used Kallo very low salt stock) pinch saffron 400g seafood mix(we used a bag of frozen mixed seafood, defrosted before use) juice Â½ small lemon small handful flat-leaf parsley, roughly chopped",Other,Non-Vegetarian,Vegetarian,Synthetic
Korean Japchae Noodles Recipe - Sweet Potato Starch Noodles,"Korean Japchae Noodles is a popular Korean delicacy made from sweet potato starch noodles unlike the other noodles which is made from wheat or rice.Sweet potato is a healthier option compared to other noodles as it is rich in fiber and lesser carbs. Korean Japchae Noodles typically has some meat such as beef, pork or chicken. Here is a vegetarian version of Japchae which has some nutritious vegetables like bell peppers, spinach, baby corn and carrots.  Korean Japchae Noodles makes for a wholesome meal and can be cooked quickly for a weeknight dinner. Serve Korean Japchae Noodles along with   for a wholesome weekend dinner.  Other Korean recipes that you can try are:",Other,Vegetarian,Non-Vegetarian,Synthetic
Thekera Tenga Recipe,"Thekera Tenga is a Sour curry from Assamese cuisine. Thekera is a fruit that is dried and used as a souring agent in Assamese dishes. Few pieces of thekera are soaked in warm water and are used in the dishes. However, lemon and tomatoes are also used as souring agents. The tenga ( sour curry) is usually served at the end of a meal. Usually fish is fried and used in the dish, but in this vegetarian version, I have roasted potato slices and added it to the tenga. Simple, rustic and delicious Thekera Tenga can be served along with steaming hot rice or rotis. Serve Thekera Tenga along with   for a weekday dinner. If you like this recipe, you can also try other Assamese recipes such as",Indian,Vegetarian,Non-Vegetarian,Synthetic
Mapo Tofu,"A classic Sichuan dish featuring soft tofu cubes simmered in a spicy, numbing, and savory sauce, made vegetarian by omitting ground meat.",Chinese,Vegetarian,Non-Vegetarian,Synthetic
Hojiki Noodle Breakfast,"A savory breakfast dish that combines boiled noodles and ingredients like eggs, tofu, dairy, seafood, and vegetables for an immensely nutritious and delicious meal.",Japanese,Non-Vegetarian,Vegetarian,Synthetic
Jalapeno Cilantro Lime Rice Recipe ," is a vibrant dish that uses freshly ground coriander leaves tossed in with cooked rice and has sliced jalapeños for an extra crunch and flavour. Finally a lemon is freshly squeezed into the rice to give a bit of tangy flavour to the rice preparation. The rice is quick to make for a nice continental menu as a side dish to go along with your chicken or lamb curries. Serve the   along with  ,    and a glass of wine to make a delicious continental meal. If you are looking for more Rice recipes here are some : ",Continental,Vegetarian,Non-Vegetarian,Synthetic
Acorn Squash Sambal Recipe,"Winter vegetables are abundant and they make for a delicious meal as they are so fresh in quality. Acorn Squash or Green Pumpkin is one such vegetable that is so versatile that it can be used to make side dishes, gravies or added to your main dishes. In this recipe, we cook Acorn Squash in Sambal paste which redefines the recipe as the juices of the paste enters the fleshy acorn squash. Sambal is a typical Asian relish or hot sauce in which fresh red chillies are the main ingredient to which multiple secondary ingredients such as shrimp paste, fish sauce, garlic, ginger shallots, lemon grass etc are added and crushed into a coarse paste in a mortar and pestle. Sambal is usually served as a side dish or added to main dishes to give it that extra kick of spice and tang.  Serve Acorn Squash Sambal as a side dish to   and   for a pan Asian meal. If you like this recipe, here are a few Sambal based recipes:",Other,Non-Vegetarian,Vegetarian,Synthetic
Som Tum Thai (Papaya Salad) without fish sauce,"A vibrant and refreshing salad made with shredded green papaya, carrots, green beans, tomatoes, peanuts, chili, and a dressing sans fish sauce.",Thai,Vegetarian,Non-Vegetarian,Synthetic
Vegetarian Hot Dogs,"Plant-based sausage alternatives served in a bun with traditional hot dog toppings like ketchup, mustard, and relish.",American,Vegetarian,Non-Vegetarian,Synthetic
Pumpkin pie,"750g/1lb 10oz pumpkinor butternut squash, peeled, deseeded and cut into chunks 350g sweet shortcrust pastry plain flour, for dusting 140g caster sugar ÃÂ½ tsp salt ÃÂ½ tsp fresh nutmeg, grated 1 tsp cinnamon 2 eggs, beaten 25g butter, melted 175ml milk 1 tbsp icing sugar",Other,Non-Vegetarian,Vegetarian,Synthetic
Chimichanga De Mariscos,"Flour tortilla filled with a seafood medley then deep-fried until golden brown and topped with cream sauce and melted cheese, served with rice and beans.",Mexican,Non-Vegetarian,Vegetarian,Yelp
Oysters on the Half Shell,"Half Dozen | Mignonette, horseradish, lemon",American,Non-Vegetarian,Vegetarian,Yelp
TONNO E CIPOLLA Pizza,"San Marzano tomato sauce, fior di latte mozzarella, tuna, red onion",Italian,Non-Vegetarian,Vegetarian,Yelp
PICANHA ADOBADA,chimichurri,Mexican,Non-Vegetarian,Vegetarian,Yelp
Consome,Goat broth,Mexican,Non-Vegetarian,Vegetarian,Yelp
Carpaccio di Manzo* with Truffle Oil,,Italian,Non-Vegetarian,Vegetarian,Yelp
Basil Sauce Lunch Special,"Sauteed with Basil, chili, onions, string beans, carrots and bell peppers. Choice of: Vegetable, Tofu, Chicken (base $12.95), Pork, Beef, Shrimp, Squid (Pork/Beef/Shrimp are $13.95). Includes one choice of appetizer.",Thai,Vegetarian,Non-Vegetarian,Yelp
Beyond Burger,"Beyond beef meat, seasoning, arugula, marinated tomatoes, house-made vegan cheese sauce, and brioche bun (contains nuts).",American,Vegetarian,Non-Vegetarian,Yelp
Tortellini Alfredo,Can add chicken,Italian,Vegetarian,Non-Vegetarian,Yelp
The Union Park,"three farm eggs, spicy spanish chorizo, cotija cheese, fresno chilies & corn salsa, smoky home fries & iggys 7 grain toast",American,Non-Vegetarian,Vegetarian,Yelp
Ribeye (14oz)*,"Any one of the below. All Dinners Include: Minestrone Soup or Salad, Complimentary House Wine, Garlic Bread, Pasta Side, Homemade Cappuccino.",Italian,Non-Vegetarian,Vegetarian,Yelp
BISON FILET 8 oz,rock river ranch,American,Non-Vegetarian,Vegetarian,Yelp
Koobideh,,Mediterranean,Non-Vegetarian,Vegetarian,Yelp
"Kuay-tieo Haeng (Chicken, Beef, Pork, Tofu Or Vegetable)","steam rice noodle with bean sprout, green onion, coriander and ground peanut in light brown sauce",Thai,Vegetarian,Non-Vegetarian,Yelp
Pad Woon Sen Seafood,"Sauteed bean thread noodles, egg, onion, tomato, Chinese celery and ear mushrooms.",Thai,Non-Vegetarian,Vegetarian,Yelp
Moo Goo Gai Pan,,Chinese,Non-Vegetarian,Vegetarian,Yelp
FISH & CHIPS,"Big Lug beer battered Atlantic cod filets fried and served with tartar sauce, hand-cut fries, and your choice of one side.",American,Non-Vegetarian,Vegetarian,Yelp
ENCHILADAS,"Rolled corn tortillas with sour cream, queso fresco, avocado, onions and radish. Comes with a side of rice and beans Stuffed with choice of chicken, pork or vegetables Choice of red or green sauce",Mexican,Vegetarian,Non-Vegetarian,Yelp
Basil Fried Rice,"Choice of chicken, tofu, or shrimp, with basil, onions and carrots.",Thai,Vegetarian,Non-Vegetarian,Yelp
Turkey And Spinach Casserole,"Turkey and spinach provide a great source of iron, helping to combat anemia.",Universal,Non-Vegetarian,Vegetarian,Synthetic
Thai coconut & veg broth,"1Â½ tbsp Thai red curry paste 1 tsp vegetable oil 1l vegetable stock 400ml can half-fat coconut milk 2 tsp brown sugar 175g medium egg noodles 2 carrots, cut into matchsticks Â½ head Chinese leaf, sliced Â½ x 300g bag beansprouts 6 cherry tomatoes, halved juice 1 lime 3 spring onions, halved, then finely sliced lengthways handful coriander, roughly chopped",Thai,Non-Vegetarian,Vegetarian,Synthetic
Vitello Tonnato,"A Piedmontese classic, this dish presents thinly sliced cold roasted veal covered with a creamy, mayonnaise-like sauce that has been flavored with tuna.",Italian,Non-Vegetarian,Vegetarian,Synthetic
Tofu Stir-Fry Soy,"This stir-fry is free from common allergens like dairy and gluten, but soy allergy patients can replace tofu with chicken or shrimp for the non-veg alternative.",Chinese,Vegetarian,Non-Vegetarian,Synthetic
Spanish sardines on toast,"1 tbsp olive oil 1 garlic clove, chopped 1 red chilli, deseeded and chopped 1 lemon, zest and juice 2 x 120g cans sardinesin sunflower oil, drained 4 slices brown bread half small bunch parsley, chopped",Indian,Vegetarian,Non-Vegetarian,Synthetic
Hakurei Tofu Egg White Hashbrowns,"A healthy breakfast that combines the flavors of egg, tofu, and hashbrown for a satisfying meal. It's low in calories while still providing essential nutrients like protein and fat. The disch features common allergens such as dairy, gluten, nuts, shellfish.",Japanese,Non-Vegetarian,Vegetarian,Synthetic
Herby toad in the hole,140g plain flour 3 eggs 300ml milk 2 tsp Dijon mustard 2 tbsp vegetable oil 8 Cumberland sausages 8 sageleaves 4 rosemarysprigs,Other,Non-Vegetarian,Vegetarian,Synthetic
Sweet Potato And Black Bean Tacos,"This taco recipe is peanut-free, making it suitable for peanut allergy patients. Chicken or ground beef can be added for those without peanut allergies.",Mexican,Vegetarian,Non-Vegetarian,Synthetic
Chorizo  potato & cheese omelette,"1 small potato, cut into 2cm dice 1 tsp olive oil 50g chorizo, chopped 2-3 eggs chopped parsley 25g grated cheddar",Other,Non-Vegetarian,Vegetarian,Synthetic
Vegetable Fried Rice with Shrimp,"A delicious and healthy vegetarian option that includes shrimp for an extra protein boost. It's perfect as a weekday dinner, fitness meal prep, or busy weeknight meal. Calories (kcal): 482",French,Non-Vegetarian,Vegetarian,Synthetic
Goan Style Mushroom Vindaloo Recipe,"Goan Style Mushroom Vindaloo Recipe is a variation of the classic Goan Pork Vindaloo recipe. This traditional dish was introduced by the Portuguese in Goa. In this recipe, the mushroom is cooked in a vinegar based curry infused with Indian spices. This is for all the vegetarian lovers who will be dreading to try the traditional Vindaloo Recipe. In Goa, the dish is prepared for all the special occasion when people gather around for a festive lunch meal. Serve the Goan Style Mushroom Vindaloo along with steamed rice or even   for lunch. If you are looking for more Goan Recipes here are some of our favorites :",Indian,Vegetarian,Non-Vegetarian,Synthetic
Pizza Peperoni 12',"Passata Tomato Sauce Mozzarella Cheese, & Peperoni",Mediterranean,Non-Vegetarian,Vegetarian,Yelp
SUMMER ROLLS (SHRIMP),"Fresh rolls made with lettuce, cucumbers, carrots, bean sprouts, and rice noodles wrapped in rice paper. Served with sweet and sour sauce. (4pcs)",Thai,Non-Vegetarian,Vegetarian,Yelp
Add Shrimp (to Mesclun Salad),,Italian,Vegetarian,Non-Vegetarian,Yelp
SCALLOP CRUDO,"passion fruit aguachile, kumquat, asian pear, thai basil",American,Non-Vegetarian,Vegetarian,Yelp
Kids LB Burger w/ fries,(AGES 12 AND UNDER),Italian,Vegetarian,Non-Vegetarian,Yelp
Tonnato,"bluefine tuna, heirloom tomato, tuna mayonnaise, veal gelee, capers",Italian,Non-Vegetarian,Vegetarian,Yelp
DIAVOLA,"Crushed Tomatoes, Mozzarella, Bell Pepper, Calabrese Salame, Kalamata Olives, Red Onions, Basil, Oregano, Black Pepper, and Gusto's Chill Oil",Italian,Vegetarian,Non-Vegetarian,Yelp
Lo Mein,"Choice of Shrimp, Roasted Pork, Beef, Chicken or Veggie",Chinese,Vegetarian,Non-Vegetarian,Yelp
APPETIZER TRIO,"chile con queso, guacamole and spicy bean dip",Mexican,Vegetarian,Non-Vegetarian,Yelp
ENCHILADA RANCHERAS - CHEESE,Melted jack cheese with ranchera sauce served with refriedbeans and rice.,Mexican,Vegetarian,Non-Vegetarian,Yelp
Vegetable Delight (Combo Sp.),A flavorful blend of sauted vegetables. Includes 1 egg roll and chicken fried rice.,Chinese,Non-Vegetarian,Vegetarian,Yelp
"Thai Fried Rice (Pork, Chicken, or Tofu)","Black Sauce, Tomato, Onion",Thai,Vegetarian,Non-Vegetarian,Yelp
Happy Meal (4 pc nuggets & fries),,Chinese,Non-Vegetarian,Vegetarian,Yelp
"Enchiladas Chicken, Tofu or Paneer",Three enchiladas over tikka masala or verde sauce served with gucamole & basmati rice.,Indian,Vegetarian,Non-Vegetarian,Yelp
marinated olives,"chili, citrus, fennel pollen",Italian,Vegetarian,Non-Vegetarian,Yelp
Pizza Puff,,Mediterranean,Vegetarian,Non-Vegetarian,Yelp
SMOKED SALMON PLATE,"The Lox Plate, Roma Tomatoes, Cucumbers, Capers, Red Onion, Home Made Herbed Cream Cheese, Lemon, Dill, Over Grill Toast Levain Bread.",Mexican,Non-Vegetarian,Vegetarian,Yelp
MACCHIATO,,Italian,Vegetarian,Non-Vegetarian,Yelp
"alkaras Pasaeli, Seahorse, Aegean, Turkey, 2022",,Mediterranean,Vegetarian,Non-Vegetarian,Yelp
Jack Daniel's Tennessee Whiskey,,Mexican,Vegetarian,Non-Vegetarian,Yelp
BROCCOLI WITH BEAN SPROUTS IN GARLIC AND BLACK BEAN SAUCE,,Thai,Vegetarian,Non-Vegetarian,Yelp
